Imagen,X1,Y1,X2,Y2,X3,Y3,X4,Y4,X5,Y5,X6,Y6,X7,Y7,X8,Y8
10000.tif,1465.1026,182.7264,1463.5686,465.8201,1461.9204,747.8565,1460.1884,1031.705,1458.7409,1315.3138,1456.6578,1599.5144,1455.4921,1883.2643,1452.6745,2166.3311
10001.tif,1448.9442,182.6763,1447.6594,465.778,1445.6688,747.7258,1444.0127,1031.5802,1442.5533,1315.1385,1440.4056,1599.3503,1439.3309,1883.0608,1436.6247,2166.1524
10002.tif,1432.847,182.6399,1431.7122,465.7175,1429.4439,747.6956,1427.8379,1031.4749,1426.3644,1315.0283,1424.2483,1599.1774,1423.1927,1882.8827,1420.5524,2165.9424
10003.tif,1416.4645,182.7598,1415.5221,465.7086,1413.032,747.5903,1411.3785,1031.3386,1409.9729,1314.8582,1407.8302,1598.949,1406.859,1882.6416,1404.2171,2165.644
10004.tif,1400.3063,182.822,1399.5234,465.7633,1396.7936,747.5876,1395.1329,1031.2595,1393.7686,1314.6918,1391.614,1598.745,1390.6832,1882.311,1388.1444,2165.253
10005.tif,1384.3043,183.0137,1383.7782,465.8156,1380.7386,747.5635,1379.0918,1031.1366,1377.7652,1314.5302,1375.605,1598.4701,1374.7342,1881.9755,1372.2352,2164.8547
10006.tif,1368.5174,183.2013,1368.1658,465.8979,1364.8778,747.6009,1363.2216,1031.0803,1361.8798,1314.3516,1359.7593,1598.2368,1358.8929,1881.6813,1356.5097,2164.4117
10007.tif,1352.69,183.4867,1352.4466,466.049,1348.8914,747.6203,1347.2753,1031.0236,1345.9932,1314.1449,1343.811,1597.8992,1343.0411,1881.2099,1340.7566,2163.8979
10008.tif,1336.8322,183.7388,1336.8143,466.2294,1332.953,747.6844,1331.3986,1030.9445,1330.1094,1313.9982,1327.9329,1597.5892,1327.1665,1880.8034,1324.9384,2163.3629
10009.tif,1321.122,184.135,1321.2265,466.4898,1317.1007,747.7834,1315.6303,1030.9092,1314.3371,1313.7933,1312.0914,1597.2594,1311.3937,1880.3415,1309.23,2162.7162
10010.tif,1305.4992,184.5795,1305.8387,466.7398,1301.5021,747.9168,1299.9472,1030.875,1298.6826,1313.5821,1296.4343,1596.9007,1295.8603,1879.8135,1293.7398,2162.0848
10011.tif,1289.9525,185.0115,1290.4285,467.0362,1285.8325,748.0281,1284.2764,1030.8066,1283.0991,1313.3701,1280.8372,1596.5311,1280.225,1879.3097,1278.193,2161.3673
10012.tif,1274.3005,185.5655,1274.9877,467.3706,1270.0923,748.1535,1268.6065,1030.7847,1267.402,1313.1432,1265.1477,1596.1065,1264.5786,1878.6731,1262.6307,2160.5699
10013.tif,1258.7915,186.1502,1259.6421,467.7212,1254.5989,748.3056,1253.0859,1030.7301,1251.9015,1312.934,1249.6152,1595.739,1249.1095,1878.1102,1247.2423,2159.7467
10014.tif,1243.5497,186.7795,1244.5554,468.1338,1239.2051,748.5708,1237.6721,1030.7295,1236.5182,1312.6999,1234.2855,1595.2622,1233.804,1877.435,1231.9966,2158.9037
10015.tif,1228.2454,187.4752,1229.4077,468.6106,1223.8327,748.7793,1222.3428,1030.6899,1221.2298,1312.4795,1218.8863,1594.8085,1218.4719,1876.7282,1216.7327,2157.9692
10016.tif,1213.1305,188.2238,1214.4969,469.0553,1208.6662,749.0353,1207.1673,1030.7268,1206.025,1312.2337,1203.7288,1594.317,1203.3546,1876.0291,1201.6738,2157.0109
10017.tif,1198.2362,188.9841,1199.735,469.5754,1193.6634,749.2868,1192.1795,1030.7511,1191.1131,1311.9739,1188.7498,1593.7849,1188.4661,1875.2628,1186.8526,2156.0084
10018.tif,1183.4274,189.7676,1185.0982,470.1221,1178.825,749.5952,1177.3294,1030.772,1176.2577,1311.732,1173.9077,1593.2902,1173.6346,1874.4697,1172.0853,2154.9677
10019.tif,1168.8757,190.6611,1170.716,470.7189,1164.1432,749.9039,1162.6484,1030.8045,1161.6011,1311.4669,1159.2454,1592.7362,1159.0009,1873.644,1157.5598,2153.8507
10020.tif,1154.3274,191.6056,1156.2799,471.3441,1149.5308,750.2144,1148.0796,1030.8125,1147.0354,1311.209,1144.6744,1592.1595,1144.4735,1872.8029,1143.0611,2152.691
10021.tif,1139.8369,192.6164,1141.961,471.9716,1134.9358,750.5632,1133.5329,1030.8621,1132.5046,1310.941,1130.1192,1591.5983,1129.9523,1871.8898,1128.625,2151.5023
10022.tif,1125.6397,193.6393,1127.9344,472.689,1120.719,750.9535,1119.2302,1030.8766,1118.254,1310.6513,1115.8944,1591.0109,1115.7481,1870.9748,1114.5026,2150.2621
10023.tif,1111.4872,194.6833,1113.9532,473.3987,1106.4665,751.3227,1105.0506,1030.9326,1104.1157,1310.3683,1101.6791,1590.3935,1101.593,1870.0361,1100.4089,2148.9996
10024.tif,1097.4177,195.826,1100.0698,474.1421,1092.327,751.7483,1090.8873,1030.967,1089.9788,1310.0764,1087.5398,1589.7362,1087.4963,1869.0402,1086.379,2147.6543
10025.tif,1083.8648,196.9669,1086.6177,474.9408,1078.6667,752.1938,1077.3061,1031.0498,1076.3591,1309.7939,1073.9393,1589.0698,1073.895,1868.0254,1072.8501,2146.3045
10026.tif,1070.3558,198.1467,1073.2421,475.7577,1065.1383,752.6181,1063.7056,1031.1315,1062.8218,1309.4816,1060.3811,1588.4236,1060.3378,1867.0134,1059.4025,2144.8809
10027.tif,1056.9083,199.3681,1059.9152,476.6079,1051.5653,753.1395,1050.1686,1031.2267,1049.2557,1309.1891,1046.846,1587.7425,1046.8718,1865.9407,1045.946,2143.4151
10028.tif,1043.6527,200.7213,1046.822,477.4898,1038.2238,753.6098,1036.8641,1031.3599,1035.9644,1308.8824,1033.5261,1587.0224,1033.5955,1864.8233,1032.7398,2141.9288
10029.tif,1030.7077,201.9926,1034.0694,478.4229,1025.2875,754.1085,1023.9047,1031.421,1023.0151,1308.5852,1020.5644,1586.2741,1020.6381,1863.7028,1019.8777,2140.3885
10030.tif,1018.1119,203.3051,1021.5055,479.3017,1012.5538,754.6401,1011.1721,1031.5389,1010.368,1308.2717,1007.8423,1585.559,1007.9557,1862.5782,1007.264,2138.8516
10031.tif,1005.3913,204.7649,1008.9796,480.2656,999.7836,755.2249,998.4553,1031.662,997.5471,1307.9458,995.1356,1584.791,995.2556,1861.3942,994.581,2137.2363
10032.tif,993.0193,206.208,996.7248,481.2887,987.3389,755.7726,986.0149,1031.7685,985.1474,1307.6412,982.6472,1584.042,982.8387,1860.1989,982.2283,2135.5881
10033.tif,980.8707,207.6808,984.7406,482.3479,975.1475,756.3543,973.8401,1031.9317,972.9669,1307.3297,970.5148,1583.27,970.6987,1858.9386,970.1279,2133.9323
10034.tif,969.1866,209.2028,973.0862,483.3708,963.3457,756.9876,962.0139,1032.0743,961.1897,1306.9555,958.6773,1582.4893,958.89,1857.7211,958.4163,2132.1873
10035.tif,957.6548,210.7894,961.6498,484.428,951.7275,757.5633,950.4356,1032.2097,949.5769,1306.6651,947.0762,1581.7044,947.3148,1856.4602,946.9003,2130.4772
10036.tif,946.1452,212.3543,950.303,485.5544,940.2519,758.2591,938.8702,1032.3483,938.1052,1306.3379,935.539,1580.8923,935.8226,1855.1664,935.4449,2128.6901
10037.tif,934.8655,213.959,939.1481,486.6656,928.8705,758.8616,927.5573,1032.5062,926.7866,1305.9717,924.2334,1579.9975,924.5244,1853.8133,924.1935,2126.8988
10038.tif,924.0263,215.5727,928.3137,487.7736,917.9816,759.5531,916.6425,1032.6754,915.8721,1305.6263,913.3119,1579.2001,913.5846,1852.479,913.3162,2125.0374
10039.tif,913.2933,217.2302,917.7903,489.0069,907.1703,760.22,905.8941,1032.8618,905.0865,1305.3151,902.5706,1578.3299,902.8755,1851.1373,902.695,2123.1887
10040.tif,902.8693,218.9844,907.4232,490.2049,896.6726,760.932,895.3391,1033.0327,894.5771,1304.9622,892.0463,1577.4915,892.3731,1849.7568,892.2381,2121.326
10041.tif,892.6349,220.6821,897.3361,491.3817,886.4514,761.6071,885.1367,1033.2,884.3523,1304.6364,881.7856,1576.6022,882.1667,1848.3377,882.0466,2119.4027
10042.tif,882.5604,222.5337,887.3518,492.6619,876.3516,762.353,875.0132,1033.4076,874.2694,1304.2938,871.7385,1575.7152,872.0704,1846.9269,872.0162,2117.4393
10043.tif,872.7728,224.3265,877.6871,493.9305,866.5453,763.092,865.177,1033.5826,864.4651,1303.9496,861.8978,1574.8199,862.2479,1845.4901,862.2613,2115.4389
10044.tif,863.4345,226.1945,868.3824,495.1945,857.0704,763.8707,855.7422,1033.81,855.0076,1303.5944,852.4447,1573.8887,852.8276,1844.0252,852.9013,2113.4314
10045.tif,854.2516,228.0118,859.2922,496.536,847.8572,764.609,846.5316,1034.0201,845.7924,1303.2193,843.2208,1573.0198,843.6421,1842.6136,843.7181,2111.4238
10046.tif,845.2252,229.9249,850.3336,497.8712,838.8299,765.4336,837.4804,1034.226,836.7698,1302.899,834.1884,1572.0398,834.5913,1841.0847,834.7308,2109.3482
10047.tif,836.501,231.8404,841.701,499.216,829.9603,766.201,828.7174,1034.4406,827.9571,1302.5203,825.4021,1571.1475,825.7729,1839.5861,825.9991,2107.2572
10048.tif,828.0726,233.7899,833.297,500.5873,821.5558,767.016,820.2652,1034.6515,819.5174,1302.1274,816.9226,1570.2074,817.3424,1838.0576,817.5529,2105.1608
10049.tif,820.0774,235.6551,825.3837,501.9633,813.531,767.8155,812.2105,1034.9132,811.4561,1301.8328,808.9084,1569.2608,809.2976,1836.5556,809.5665,2103.0969
10050.tif,812.3656,237.6089,817.7089,503.3572,805.7413,768.6381,804.4153,1035.1203,803.7523,1301.4272,801.1254,1568.2972,801.4973,1835.0446,801.8508,2100.971
10051.tif,804.6874,239.637,810.1146,504.7185,798.0835,769.4402,796.7834,1035.3406,796.0323,1301.0859,793.4528,1567.3548,793.8298,1833.4665,794.1958,2098.7999
10052.tif,797.3889,241.6898,802.8728,506.1609,790.7079,770.3251,789.3707,1035.5575,788.684,1300.702,786.1136,1566.3801,786.4955,1831.9233,786.8492,2096.6205
10053.tif,790.3936,243.7221,795.8918,507.6482,783.7406,771.205,782.4048,1035.8265,781.6616,1300.3576,779.0749,1565.4544,779.4494,1830.3401,779.8589,2094.5258
10054.tif,783.6208,245.8038,789.1657,509.1263,776.9325,772.0304,775.5991,1036.1037,774.877,1300.0037,772.2477,1564.4582,772.6727,1828.7106,773.0669,2092.2638
10055.tif,777.1339,247.9115,782.7085,510.5979,770.4204,772.9469,769.1404,1036.3516,768.3356,1299.6323,765.7209,1563.4419,766.127,1827.1731,766.5697,2090.0642
10056.tif,770.8878,249.9874,776.5183,512.0484,764.1327,773.777,762.8212,1036.6271,762.0774,1299.2334,759.4365,1562.4745,759.8891,1825.4654,760.3429,2087.8148
10057.tif,765.0508,252.0848,770.6751,513.5577,758.3014,774.7203,756.9995,1036.8634,756.2485,1298.908,753.57,1561.4458,753.9685,1823.9324,754.4267,2085.6243
10058.tif,759.4733,254.2474,765.1313,515.0756,752.7748,775.6427,751.4483,1037.1321,750.726,1298.5589,748.0939,1560.4643,748.3872,1822.3307,748.9152,2083.3577
10059.tif,754.2397,256.3499,759.8584,516.5397,747.5195,776.5159,746.1873,1037.4165,745.4579,1298.1884,742.8059,1559.4785,743.1175,1820.6952,743.5965,2081.1464
10060.tif,749.243,258.5017,754.9091,518.0853,742.5273,777.3842,741.1988,1037.6916,740.4399,1297.8178,737.7909,1558.5389,738.1021,1819.0916,738.6599,2078.8577
10061.tif,744.55,260.6093,750.213,519.6247,737.7604,778.3439,736.5095,1038.0147,735.7511,1297.466,733.0988,1557.5093,733.4038,1817.4636,733.9284,2076.6257
10062.tif,740.046,262.7853,745.7707,521.1941,733.2469,779.2787,731.9959,1038.2584,731.1778,1297.1278,728.5261,1556.5115,728.8927,1815.8074,729.4278,2074.3463
10063.tif,735.7445,264.957,741.5945,522.7503,728.8818,780.2209,727.6345,1038.5422,726.8846,1296.7263,724.2398,1555.4991,724.5636,1814.1162,725.186,2072.0239
10064.tif,731.7922,267.2168,737.6228,524.318,724.888,781.127,723.649,1038.8574,722.8621,1296.381,720.1906,1554.5201,720.5551,1812.5107,721.1667,2069.822
10065.tif,727.9869,269.3848,733.9752,525.8826,721.2205,782.1126,719.9144,1039.1524,719.1787,1296.0138,716.4061,1553.4451,716.7676,1810.8604,717.4513,2067.5508
10066.tif,724.5329,271.5677,730.5093,527.5336,717.6386,783.0284,716.3957,1039.4303,715.5028,1295.6564,712.9183,1552.442,713.2502,1809.179,713.9347,2065.2815
10067.tif,721.3901,273.8292,727.3088,529.0225,714.4616,783.9932,713.1251,1039.7068,712.3495,1295.3008,709.7004,1551.4429,709.9436,1807.5294,710.6337,2062.9623
10068.tif,718.4707,276.0101,724.4885,530.6233,711.5578,784.9074,710.1914,1040.04,709.3876,1294.948,706.7897,1550.5085,707.0516,1805.9191,707.8311,2060.727
10069.tif,715.8553,278.2457,721.8227,532.2205,708.8784,785.9471,707.5412,1040.2766,706.7982,1294.6378,704.1877,1549.4864,704.429,1804.2745,705.1638,2058.4785
10070.tif,713.4477,280.4466,719.4241,533.8112,706.4398,786.8453,705.1133,1040.5944,704.352,1294.2472,701.7007,1548.4569,701.9235,1802.6404,702.7514,2056.1614
10071.tif,711.3188,282.6286,717.2544,535.3596,704.2644,787.8375,702.9596,1040.9317,702.1414,1293.912,699.5021,1547.4312,699.7677,1800.9197,700.5461,2053.8801
10072.tif,709.4472,284.8732,715.4754,537.0081,702.3414,788.7776,701.0817,1041.275,700.3537,1293.529,697.6701,1546.4338,697.9078,1799.3273,698.7392,2051.6144
10073.tif,707.8385,287.1658,713.7844,538.5814,700.7785,789.8029,699.4465,1041.5105,698.7637,1293.2535,696.0323,1545.5223,696.2514,1797.7288,697.0683,2049.3642
10074.tif,706.4859,289.4506,712.4078,540.1494,699.4735,790.7073,698.139,1041.8609,697.3715,1292.8973,694.6204,1544.5014,694.8579,1796.0337,695.6942,2047.0994
10075.tif,705.4538,291.665,711.379,541.7707,698.3712,791.7001,697.0122,1042.1432,696.1498,1292.5756,693.5229,1543.5269,693.8193,1794.4126,694.5704,2044.8329
10076.tif,704.6084,293.9161,710.4966,543.3991,697.5273,792.621,696.1621,1042.4645,695.3405,1292.2776,692.6587,1542.5031,692.9006,1792.7974,693.7424,2042.5022
10077.tif,704.0215,296.174,709.8959,545.0195,696.8993,793.6242,695.5938,1042.8437,694.7914,1291.916,692.1288,1541.5198,692.277,1791.1306,693.1145,2040.262
10078.tif,703.7453,298.4326,709.5833,546.5851,696.6177,794.6803,695.2543,1043.1067,694.3784,1291.5434,691.8017,1540.5456,691.9118,1789.4678,692.8292,2037.9776
10079.tif,703.721,300.755,709.5618,548.2521,696.6183,795.652,695.2317,1043.4906,694.2934,1291.2584,691.735,1539.5323,691.8515,1787.8135,692.7265,2035.7246
10080.tif,703.8785,302.8856,709.7363,549.8173,696.7827,796.5764,695.4732,1043.7631,694.5753,1290.9499,691.875,1538.6078,692.0279,1786.2622,692.9498,2033.5053
10081.tif,704.4135,305.1304,710.1204,551.3931,697.2196,797.5208,695.8329,1044.1337,694.9954,1290.6347,692.3539,1537.6489,692.3932,1784.699,693.3901,2031.2336
10082.tif,705.0704,307.4084,710.7241,552.9669,697.9342,798.44,696.5479,1044.4528,695.6616,1290.2548,693.05,1536.6777,693.0772,1783.0751,694.093,2029.0284
10083.tif,706.0257,309.6474,711.724,554.5396,698.8643,799.4793,697.5305,1044.7088,696.6316,1290.0321,693.9713,1535.738,693.9821,1781.5034,694.9927,2026.8688
10084.tif,707.1828,311.8596,712.9187,556.1527,700.0144,800.425,698.6889,1045.0961,697.7749,1289.7062,695.2336,1534.8004,695.2113,1779.8931,696.2179,2024.5957
10085.tif,708.6282,314.1067,714.2783,557.8004,701.5939,801.4541,700.1845,1045.4488,699.2295,1289.3585,696.6263,1533.8282,696.6179,1778.2694,697.6149,2022.3986
10086.tif,710.376,316.4273,716.0197,559.3824,703.3203,802.4883,701.8947,1045.782,700.9056,1289.0789,698.3027,1532.856,698.3958,1776.7079,699.3242,2020.0793
10087.tif,712.3064,318.5359,717.8639,560.9617,705.171,803.3997,703.8078,1046.1083,702.8651,1288.7973,700.3048,1531.9773,700.2149,1775.2028,701.1598,2017.9259
10088.tif,714.5322,320.7687,719.917,562.4802,707.331,804.3229,705.9364,1046.3969,704.9519,1288.4771,702.3586,1531.054,702.3714,1773.5842,703.3291,2015.8591
10089.tif,716.8763,322.9712,722.1766,564.0044,709.7007,805.3078,708.3264,1046.7544,707.3099,1288.2442,704.7301,1530.1589,704.636,1772.1366,705.6547,2013.7204
10090.tif,719.4923,325.1466,724.797,565.6277,712.3579,806.2925,710.8809,1047.1135,709.9312,1287.9451,707.3601,1529.2329,707.2528,1770.6017,708.177,2011.5879
10091.tif,722.2949,327.3115,727.5872,567.1278,715.2375,807.1739,713.7951,1047.3902,712.7745,1287.6629,710.2521,1528.3947,710.1352,1769.0587,711.0566,2009.4176
10092.tif,725.3784,329.4278,730.5723,568.6793,718.2712,808.1144,716.8304,1047.7632,715.7733,1287.3763,713.1346,1527.4943,713.0844,1767.5909,714.0265,2007.3572
10093.tif,728.6542,331.5452,733.7879,570.2153,721.5648,809.0464,720.0973,1048.1417,719.0743,1287.1068,716.5053,1526.5913,716.3541,1766.1041,717.3107,2005.2912
10094.tif,732.1534,333.7285,737.2037,571.7298,725.0577,810.0246,723.5532,1048.4224,722.5182,1286.8464,720.0275,1525.6459,719.7597,1764.609,720.6958,2003.2081
10095.tif,735.8342,335.7865,740.7847,573.2108,728.7354,810.9669,727.2115,1048.7883,726.2744,1286.5789,723.7235,1524.8272,723.4478,1763.1421,724.378,2001.193
10096.tif,739.7831,337.9123,744.6468,574.7193,732.6992,811.8521,731.2314,1049.1855,730.2209,1286.2937,727.6133,1523.9932,727.3587,1761.7141,728.2576,1999.1076
10097.tif,743.9036,340.0324,748.7238,576.2168,736.8241,812.8211,735.3172,1049.4678,734.2674,1286.0737,731.7131,1523.0842,731.4472,1760.2846,732.31,1997.0893
10098.tif,748.159,342.1134,752.8603,577.6846,741.1251,813.7777,739.5437,1049.8011,738.4945,1285.8263,735.9934,1522.2428,735.6635,1758.8701,736.4995,1995.125
10099.tif,752.5804,344.126,757.2127,579.1831,745.5412,814.6529,744.1091,1050.1448,742.8738,1285.5445,740.3968,1521.483,740.0769,1757.4779,740.8425,1993.1737
10100.tif,757.1387,346.1832,761.7864,580.594,750.1345,815.5579,748.5601,1050.4598,747.3988,1285.3436,744.9308,1520.6244,744.5725,1756.0844,745.4352,1991.2872
10101.tif,761.9993,348.1541,766.514,582.0274,754.897,816.4291,753.3779,1050.7803,752.2691,1285.0827,749.7283,1519.8292,749.4295,1754.712,750.2536,1989.345
10102.tif,767.129,350.1855,771.5891,583.4738,760.0518,817.3271,758.4983,1051.145,757.3662,1284.8577,754.8264,1519.0324,754.4807,1753.3189,755.3839,1987.3656
10103.tif,772.3673,352.1678,776.8001,584.903,765.3377,818.1919,763.7711,1051.4189,762.5862,1284.6031,760.1977,1518.2893,759.7495,1751.9677,760.6142,1985.4927
10104.tif,777.9338,354.1121,782.3501,586.3075,770.8968,819.0817,769.3436,1051.788,768.1466,1284.3634,765.7737,1517.4402,765.3188,1750.6424,766.1697,1983.6057
10105.tif,783.7361,356.1114,788.0907,587.6987,776.7084,819.9818,775.0664,1052.0935,773.9566,1284.1397,771.5387,1516.6813,771.0982,1749.3161,771.9425,1981.7243
10106.tif,789.7563,358.0637,794.031,589.1532,782.7622,820.8603,781.1436,1052.4365,779.9854,1283.938,777.5636,1515.8962,777.0947,1747.9992,777.941,1979.8868
10107.tif,795.9013,359.988,800.0606,590.4968,788.877,821.6732,787.2292,1052.7342,786.0756,1283.7345,783.6395,1515.1892,783.1805,1746.7372,784.011,1978.0435
10108.tif,802.1323,361.8418,806.3136,591.8454,795.1463,822.541,793.5198,1053.0457,792.2986,1283.4869,789.9087,1514.4316,789.4274,1745.4343,790.2375,1976.2723
10109.tif,808.5357,363.7414,812.6113,593.1376,801.5291,823.4034,799.9293,1053.3429,798.7184,1283.2914,796.349,1513.6724,795.7746,1744.1783,796.633,1974.4961
10110.tif,815.1912,365.5488,819.1745,594.5131,808.2077,824.156,806.5677,1053.6579,805.3264,1283.0974,802.947,1512.983,802.4084,1743.0026,803.1868,1972.8065
10111.tif,821.9219,367.3946,825.8027,595.7535,814.99,825.0262,813.3762,1053.9654,812.0822,1282.8733,809.7431,1512.2526,809.1288,1741.7672,809.9141,1971.0774
10112.tif,828.7825,369.1425,832.6258,597.0456,821.8808,825.8102,820.2092,1054.3003,818.9367,1282.7234,816.629,1511.5986,815.9759,1740.5988,816.7391,1969.4064
10113.tif,835.9875,370.9284,839.7938,598.3337,829.0859,826.6225,827.4358,1054.5885,826.1603,1282.524,823.8089,1510.9067,823.1537,1739.4303,823.9331,1967.7203
10114.tif,843.356,372.7004,847.0816,599.6283,836.4874,827.435,834.8534,1054.8765,833.5245,1282.3775,831.1725,1510.2448,830.5278,1738.2453,831.2553,1966.1034
10115.tif,850.898,374.4712,854.5002,600.9037,844.059,828.18,842.4151,1055.1887,841.1004,1282.1408,838.7271,1509.5641,838.0432,1737.0788,838.7767,1964.4835
10116.tif,858.7173,376.225,862.284,602.1659,851.9679,828.981,850.3096,1055.493,848.948,1281.9619,846.6072,1508.8823,845.9251,1735.9484,846.5763,1962.8354
10117.tif,866.7438,378.004,870.2158,603.4111,859.9741,829.7807,858.2908,1055.8241,856.8974,1281.8176,854.6281,1508.2117,853.8511,1734.7834,854.5088,1961.205
10118.tif,874.7411,379.6887,878.119,604.6289,868.0164,830.5525,866.3101,1056.079,864.92,1281.6397,862.6876,1507.6117,861.8878,1733.6745,862.4773,1959.6702
10119.tif,882.749,381.2718,886.0182,605.749,876.0335,831.2427,874.3118,1056.401,872.9435,1281.4837,870.7005,1506.9667,869.8682,1732.669,870.4429,1958.135
10120.tif,890.8988,382.9029,894.0689,606.9199,884.1747,831.996,882.5038,1056.6762,881.1035,1281.3312,878.8332,1506.3971,877.9835,1731.6302,878.5726,1956.6744
10121.tif,899.2557,384.4789,902.3167,608.1048,892.5952,832.7099,890.9005,1056.9424,889.4993,1281.1368,887.194,1505.7581,886.36,1730.5815,886.9242,1955.1979
10122.tif,907.8039,386.0392,910.791,609.2196,901.1648,833.46,899.4224,1057.2628,898.0244,1280.9914,895.715,1505.2417,894.8672,1729.5267,895.3936,1953.7974
10123.tif,916.334,387.5703,919.2556,610.3214,909.7278,834.1284,908.0043,1057.5291,906.6095,1280.8588,904.3163,1504.6394,903.4315,1728.5362,903.8845,1952.3652
10124.tif,925.1424,389.1248,927.9308,611.4319,918.5803,834.8689,916.8297,1057.8245,915.3741,1280.7691,913.1873,1504.0822,912.1803,1727.5669,912.6592,1950.9847
10125.tif,934.2817,390.6947,937.0295,612.5486,927.781,835.5686,926.0272,1058.109,924.5896,1280.6261,922.2892,1503.5358,921.3376,1726.6154,921.7792,1949.6213
10126.tif,943.3666,392.1278,946.0032,613.6212,936.9021,836.2346,935.1585,1058.386,933.6839,1280.4639,931.399,1502.9841,930.3896,1725.6727,930.8359,1948.2762
10127.tif,952.5275,393.5689,955.0569,614.6634,946.1064,836.91,944.3375,1058.6159,942.841,1280.3335,940.6246,1502.4569,939.5783,1724.7524,939.9946,1946.9389
10128.tif,961.9177,395.0034,964.3311,615.6888,955.497,837.558,953.7277,1058.8744,952.1832,1280.2438,949.9853,1501.9598,948.911,1723.8675,949.2661,1945.667
10129.tif,971.3187,396.3935,973.6838,616.7282,964.9578,838.2262,963.1662,1059.2046,961.6393,1280.1083,959.4579,1501.4517,958.3764,1722.9786,958.6826,1944.3901
10130.tif,980.9013,397.8019,983.2046,617.7373,974.5469,838.8482,972.7653,1059.4448,971.2924,1279.9916,969.053,1500.9802,967.9128,1722.1126,968.2477,1943.1808
10131.tif,990.4912,399.1019,992.6165,618.703,984.1973,839.4894,982.3737,1059.7131,980.7543,1279.8646,978.6105,1500.5257,977.4708,1721.2947,977.7322,1941.988
10132.tif,1000.1647,400.432,1002.2434,619.6296,993.9301,840.0633,992.1312,1059.9411,990.485,1279.8308,988.3323,1500.0597,987.1591,1720.4853,987.3969,1940.8246
10133.tif,1009.9584,401.757,1011.9535,620.5951,1003.7592,840.6716,1001.9463,1060.164,1000.3177,1279.7057,998.152,1499.6194,996.9651,1719.6853,997.1816,1939.6767
10134.tif,1020.0663,403.0025,1021.9517,621.5079,1013.8828,841.2897,1012.0653,1060.4636,1010.5038,1279.6104,1008.274,1499.1758,1007.0331,1718.9067,1007.2361,1938.5794
10135.tif,1030.1885,404.2725,1032.0087,622.429,1024.1031,841.8645,1022.2168,1060.703,1020.6528,1279.5122,1018.4609,1498.7308,1017.1987,1718.1095,1017.3903,1937.4758
10136.tif,1040.4047,405.5135,1042.1323,623.331,1034.3301,842.49,1032.5337,1060.9583,1030.8875,1279.4419,1028.7156,1498.3628,1027.4044,1717.3589,1027.5837,1936.4367
10137.tif,1050.8656,406.6848,1052.4654,624.1745,1044.7985,843.0184,1042.94,1061.2713,1041.3133,1279.3568,1039.1449,1497.9283,1037.7986,1716.6777,1037.9237,1935.3759
10138.tif,1061.3083,407.8491,1062.796,625.0244,1055.3284,843.5506,1053.4401,1061.4625,1051.7288,1279.2867,1049.6415,1497.5459,1048.2856,1715.9468,1048.3584,1934.3354
10139.tif,1071.773,408.9637,1073.1987,625.8676,1065.7702,844.1142,1063.9402,1061.6617,1062.2746,1279.223,1060.1677,1497.1663,1058.6788,1715.2756,1058.7515,1933.377
10140.tif,1082.3176,410.0821,1083.6015,626.6743,1076.3832,844.588,1074.5278,1061.889,1072.7941,1279.113,1070.6481,1496.8175,1069.2572,1714.6377,1069.2424,1932.4484
10141.tif,1092.8011,411.1372,1094.0339,627.463,1086.9183,845.1564,1085.0144,1062.0965,1083.2923,1279.0597,1081.1951,1496.4544,1079.72,1714.0416,1079.6832,1931.5512
10142.tif,1103.5063,412.2109,1104.5892,628.2381,1097.6663,845.6271,1095.7893,1062.3289,1094.0232,1279.0209,1091.9263,1496.1084,1090.4457,1713.4035,1090.4002,1930.6838
10143.tif,1114.3514,413.236,1115.3926,628.9573,1108.5364,846.1038,1106.6651,1062.5625,1104.9073,1278.9575,1102.7992,1495.8255,1101.2357,1712.809,1101.1289,1929.81
10144.tif,1125.4205,414.2336,1126.3206,629.6923,1119.6698,846.6135,1117.736,1062.7828,1115.9642,1278.9198,1113.8895,1495.5261,1112.303,1712.2649,1112.1962,1928.9701
10145.tif,1136.4164,415.2896,1137.2406,630.4454,1130.7423,847.0854,1128.7916,1063.0045,1127.0484,1278.8862,1124.967,1495.1814,1123.3574,1711.6744,1123.1894,1928.1614
10146.tif,1147.4651,416.122,1148.1797,631.0717,1141.7938,847.5504,1139.9096,1063.2275,1138.0636,1278.8626,1136.0114,1494.9458,1134.3834,1711.1566,1134.1616,1927.4303
10147.tif,1158.7061,417.0759,1159.3176,631.7953,1153.0567,847.9757,1151.1563,1063.4303,1149.334,1278.8159,1147.2254,1494.6731,1145.5562,1710.6809,1145.3931,1926.6464
10148.tif,1169.9661,417.9125,1170.5217,632.4689,1164.4045,848.4003,1162.4641,1063.5877,1160.5982,1278.7532,1158.5637,1494.4381,1156.872,1710.1465,1156.6504,1925.8952
10149.tif,1181.3674,418.7621,1181.7953,633.0519,1175.7598,848.8097,1173.8376,1063.8101,1172.0231,1278.7732,1169.9763,1494.1448,1168.2783,1709.7156,1167.9764,1925.2595
10150.tif,1192.4938,419.6238,1192.7978,633.7211,1186.9411,849.2581,1185.0515,1064.0318,1183.1976,1278.7632,1181.1383,1493.9599,1179.4278,1709.2751,1179.0867,1924.6264
10151.tif,1203.5276,420.4203,1203.7515,634.2506,1198.0817,849.6293,1196.0937,1064.2145,1194.2511,1278.7509,1192.2413,1493.7218,1190.4199,1708.8625,1190.1252,1923.9984
10152.tif,1214.9971,421.194,1215.1493,634.8492,1209.5569,850.0079,1207.6071,1064.4218,1205.727,1278.7602,1203.7053,1493.5446,1201.8871,1708.4854,1201.5018,1923.4418
10153.tif,1226.6063,421.9264,1226.6394,635.4099,1221.1962,850.3725,1219.2344,1064.5754,1217.3315,1278.752,1215.3321,1493.3218,1213.4733,1708.0807,1213.1084,1922.8404
10154.tif,1238.1921,422.62,1238.1196,635.9052,1232.8763,850.6899,1230.881,1064.7583,1228.9333,1278.7413,1226.9577,1493.128,1225.0548,1707.7104,1224.6409,1922.3032
10155.tif,1249.8321,423.2977,1249.6221,636.4425,1244.4959,851.0708,1242.5186,1064.9398,1240.5802,1278.8005,1238.5802,1492.9928,1236.6564,1707.4072,1236.2252,1921.8282
10156.tif,1261.5425,423.9497,1261.2598,636.8957,1256.2362,851.4075,1254.2557,1065.1028,1252.2879,1278.7839,1250.3496,1492.8702,1248.4072,1707.0972,1247.8954,1921.3394
10157.tif,1273.1537,424.5871,1272.8209,637.3902,1267.9701,851.7743,1265.9712,1065.2499,1263.9869,1278.7832,1262.0208,1492.7554,1260.0506,1706.7642,1259.4919,1920.9193
10158.tif,1284.6838,425.1996,1284.1842,637.8173,1279.4923,852.0162,1277.512,1065.4295,1275.4882,1278.7859,1273.5762,1492.5935,1271.5575,1706.5238,1270.9726,1920.4809
10159.tif,1296.1935,425.7725,1295.6416,638.3008,1291.0761,852.3495,1289.038,1065.6895,1287.0686,1278.8621,1285.1029,1492.4519,1283.0933,1706.2738,1282.4383,1920.1316
10160.tif,1307.8877,426.3389,1307.1789,638.7095,1302.811,852.6781,1300.8136,1065.8271,1298.817,1278.8995,1296.8732,1492.3389,1294.8377,1706.0541,1294.1082,1919.7709
10161.tif,1319.8592,426.8449,1319.0328,639.0969,1314.8338,852.9264,1312.8016,1065.9551,1310.7634,1278.8951,1308.8485,1492.2539,1306.753,1705.867,1306.0699,1919.4469
10162.tif,1331.7622,427.3029,1330.8587,639.4129,1326.7468,853.1686,1324.7484,1066.0769,1322.6986,1278.9242,1320.7734,1492.2062,1318.6357,1705.693,1317.919,1919.1459
10163.tif,1343.3887,427.7341,1342.4361,639.8213,1338.5135,853.4488,1336.454,1066.2395,1334.4154,1279.0009,1332.4814,1492.1649,1330.3482,1705.4917,1329.5869,1918.8733
10164.tif,1355.1469,428.2235,1354.084,640.1754,1350.3467,853.7067,1348.2897,1066.4256,1346.1809,1279.0379,1344.3223,1492.1343,1342.1471,1705.3563,1341.3474,1918.632
10165.tif,1367.6187,428.6292,1366.4024,640.4926,1362.7481,853.947,1360.6906,1066.5332,1358.6091,1279.1186,1356.769,1492.1101,1354.5671,1705.2364,1353.7281,1918.4544
10166.tif,1379.8994,428.939,1378.6017,640.7212,1375.1001,854.0989,1373.0404,1066.6635,1370.9427,1279.1465,1369.0758,1492.0662,1366.8515,1705.1132,1365.9459,1918.3107
10167.tif,1392.0407,429.223,1390.6631,640.9272,1387.3109,854.224,1385.2054,1066.756,1383.089,1279.1611,1381.1779,1492.0422,1378.8992,1705.0522,1377.9937,1918.1618
10168.tif,1404.0449,429.4864,1402.5656,641.1423,1399.371,854.4437,1397.2958,1066.8815,1395.1446,1279.2605,1393.2638,1492.0475,1390.9485,1704.9965,1389.9458,1918.0177
10169.tif,1416.0449,429.6946,1414.421,641.3373,1411.3306,854.6081,1409.274,1066.9942,1407.1185,1279.3766,1405.2629,1492.0456,1402.9024,1704.9513,1401.8781,1917.9035
10170.tif,1427.8937,429.942,1426.2085,641.5578,1423.3097,854.7753,1421.2178,1067.1312,1418.9941,1279.4325,1417.1862,1492.0702,1414.8007,1704.9497,1413.6927,1917.8863
10171.tif,1439.9348,430.2303,1438.1518,641.779,1435.3582,854.9101,1433.2593,1067.2586,1431.0558,1279.4629,1429.245,1492.1599,1426.8271,1704.9708,1425.6775,1917.8642
10172.tif,1452.0898,430.3724,1450.1755,641.8848,1447.5547,855.0613,1445.4571,1067.3285,1443.1919,1279.5402,1441.4283,1492.1627,1438.9881,1704.9532,1437.8452,1917.8504
10173.tif,1464.1043,430.5145,1462.0678,642.0043,1459.5923,855.1675,1457.4887,1067.4487,1455.2596,1279.6105,1453.4284,1492.2588,1450.9641,1705.0587,1449.7723,1917.8731
10174.tif,1476.0186,430.6222,1473.898,642.0894,1471.5914,855.2871,1469.4226,1067.5501,1467.2093,1279.6943,1465.3989,1492.3328,1462.9105,1705.0976,1461.6454,1917.9653
10175.tif,1488.0163,430.6858,1485.7781,642.1907,1483.6062,855.3945,1481.4843,1067.6553,1479.2519,1279.7615,1477.3977,1492.416,1474.9147,1705.1792,1473.6281,1918.0654
10176.tif,1500.0432,430.7033,1497.7392,642.2791,1495.6937,855.4665,1493.5995,1067.724,1491.3377,1279.8737,1489.4908,1492.542,1486.9664,1705.2906,1485.6338,1918.2413
10177.tif,1512.2671,430.7445,1509.7806,642.312,1507.9374,855.5321,1505.7775,1067.8084,1503.5088,1280.0133,1501.6798,1492.6553,1499.1455,1705.4932,1497.7492,1918.3714
10178.tif,1524.2583,430.7635,1521.6963,642.3209,1520.0351,855.5306,1517.8072,1067.8915,1515.564,1280.1546,1513.7125,1492.787,1511.157,1705.6676,1509.6961,1918.5555
10179.tif,1536.3596,430.7113,1533.7182,642.3408,1532.1857,855.5859,1529.9887,1068.0006,1527.6665,1280.2525,1525.881,1492.9843,1523.2677,1705.8242,1521.8103,1918.7615
10180.tif,1548.3654,430.6821,1545.6458,642.3481,1544.2696,855.6213,1542.0816,1068.0265,1539.7262,1280.3933,1537.9562,1493.1081,1535.2812,1706.0066,1533.8272,1919.0067
10181.tif,1560.3702,430.5805,1557.5268,642.2841,1556.3129,855.6503,1554.099,1068.1175,1551.7323,1280.496,1549.9517,1493.323,1547.2975,1706.2419,1545.7946,1919.3046
10182.tif,1572.4374,430.4829,1569.4771,642.2161,1568.3932,855.645,1566.1837,1068.1806,1563.8235,1280.6142,1562.0449,1493.5108,1559.3256,1706.4913,1557.7999,1919.5952
10183.tif,1584.4866,430.3178,1581.3893,642.1618,1580.4706,855.5831,1578.29,1068.2357,1575.9181,1280.7743,1574.123,1493.7192,1571.3931,1706.7945,1569.7632,1919.928
10184.tif,1596.3446,430.1291,1593.2227,641.9941,1592.4227,855.6099,1590.2524,1068.3042,1587.8348,1280.9221,1586.063,1493.9274,1583.3101,1707.047,1581.6771,1920.3417
10185.tif,1608.1264,429.9259,1604.885,641.8977,1604.2872,855.6038,1602.0383,1068.3281,1599.5983,1281.0206,1597.8864,1494.1406,1595.0832,1707.3696,1593.3622,1920.6828
10186.tif,1619.9483,429.645,1616.5851,641.7487,1616.0991,855.5539,1613.879,1068.3935,1611.4747,1281.1845,1609.6667,1494.3546,1606.8395,1707.7044,1605.1521,1921.0989
10187.tif,1631.9245,429.3858,1628.4034,641.6337,1628.0902,855.4705,1625.8738,1068.3706,1623.4485,1281.3219,1621.6936,1494.6459,1618.8531,1708.0237,1617.0976,1921.5616
10188.tif,1643.8946,429.0628,1640.2704,641.4173,1640.099,855.3596,1637.8704,1068.4085,1635.4302,1281.4596,1633.7002,1494.9063,1630.802,1708.4352,1628.9853,1922.0965
10189.tif,1655.6223,428.7668,1651.9728,641.2419,1651.8868,855.2878,1649.6418,1068.494,1647.1836,1281.6634,1645.4326,1495.1782,1642.5641,1708.8465,1640.7211,1922.5563
10190.tif,1667.3511,428.3588,1663.634,640.9451,1663.7233,855.1574,1661.4325,1068.5293,1658.9749,1281.7792,1657.2398,1495.4373,1654.2907,1709.2582,1652.4428,1923.1247
10191.tif,1679.0788,427.9979,1675.2109,640.6903,1675.4543,855.0633,1673.2049,1068.5503,1670.7475,1281.9332,1668.9914,1495.7857,1666.0524,1709.6734,1664.1367,1923.7224
10192.tif,1690.7624,427.5751,1686.7747,640.4461,1687.1483,854.9334,1684.8826,1068.5316,1682.3445,1282.0931,1680.6947,1496.0663,1677.702,1710.1449,1675.7477,1924.2993
10193.tif,1702.3242,427.062,1698.2563,640.1603,1698.7843,854.8178,1696.5063,1068.5838,1694.0021,1282.2728,1692.2575,1496.3721,1689.2221,1710.615,1687.2485,1924.9452
10194.tif,1713.9757,426.6256,1709.7616,639.8048,1710.4643,854.6514,1708.1656,1068.5864,1705.6823,1282.4613,1703.9897,1496.7315,1700.8956,1711.1275,1698.8776,1925.6416
10195.tif,1725.5868,426.0735,1721.3447,639.5006,1722.1186,854.4564,1719.896,1068.578,1717.3229,1282.6327,1715.6517,1497.1,1712.5468,1711.6125,1710.4485,1926.2872
10196.tif,1737.2966,425.5643,1732.8391,639.1045,1733.8311,854.318,1731.5706,1068.5722,1729.0309,1282.783,1727.3333,1497.4761,1724.2523,1712.2151,1722.1415,1927.0312
10197.tif,1748.6608,424.9578,1744.2264,638.7389,1745.2897,854.1061,1742.9804,1068.584,1740.4295,1282.9647,1738.7992,1497.8186,1735.6321,1712.73,1733.4671,1927.781
10198.tif,1760.0526,424.3797,1755.4807,638.3241,1756.7217,853.8671,1754.4256,1068.589,1751.7894,1283.2147,1750.2331,1498.2604,1747.0108,1713.312,1744.7766,1928.542
10199.tif,1771.4608,423.6931,1766.7261,637.8967,1768.1562,853.6527,1765.7816,1068.5625,1763.2689,1283.4005,1761.5868,1498.635,1758.4055,1713.9386,1756.1662,1929.379
10200.tif,1782.7297,423.0513,1777.9663,637.4829,1779.517,853.4286,1777.2493,1068.5444,1774.5871,1283.5875,1772.9497,1498.9981,1769.7338,1714.5619,1767.4445,1930.1964
10201.tif,1793.8787,422.3776,1788.9807,637.0206,1790.6565,853.1794,1788.3787,1068.5269,1785.7147,1283.7732,1784.0768,1499.4526,1780.8425,1715.1937,1778.4917,1931.0264
10202.tif,1804.9558,421.6156,1799.9837,636.5185,1801.8128,852.9195,1799.4903,1068.5024,1796.8294,1283.9875,1795.2239,1499.8819,1791.9875,1715.8836,1789.6067,1931.9269
10203.tif,1816.0728,420.8923,1811.02,635.998,1812.9825,852.6725,1810.685,1068.4778,1808.0406,1284.1819,1806.3705,1500.3378,1803.105,1716.5607,1800.6958,1932.8571
10204.tif,1827.0764,420.0926,1821.9051,635.4723,1824.0381,852.3151,1821.7361,1068.4185,1819.0123,1284.3658,1817.3696,1500.8186,1814.0694,1717.2534,1811.6232,1933.8092
10205.tif,1837.8856,419.2629,1832.5738,634.9186,1834.8841,852.0478,1832.5802,1068.3646,1829.8855,1284.6354,1828.245,1501.2271,1824.9037,1717.9659,1822.3626,1934.7908
10206.tif,1848.9194,418.4418,1843.55,634.3493,1845.9771,851.7326,1843.5889,1068.2984,1840.945,1284.8547,1839.316,1501.7498,1835.9615,1718.7118,1833.4048,1935.7956
10207.tif,1859.7551,417.5306,1854.3421,633.7415,1856.8801,851.4215,1854.5205,1068.31,1851.8218,1285.0537,1850.2325,1502.2848,1846.8191,1719.4887,1844.2399,1936.8681
10208.tif,1870.4431,416.6697,1864.9187,633.1072,1867.6053,851.1211,1865.2981,1068.2258,1862.5261,1285.3162,1860.9617,1502.7604,1857.5242,1720.2975,1854.9166,1937.9122
10209.tif,1881.0655,415.7166,1875.4042,632.496,1878.2395,850.7333,1875.8636,1068.1813,1873.1665,1285.5284,1871.5402,1503.2874,1868.1238,1721.057,1865.4464,1938.967
10210.tif,1891.6342,414.7645,1885.8765,631.8317,1888.8359,850.3678,1886.5036,1068.1298,1883.7364,1285.7031,1882.2179,1503.7611,1878.7199,1721.9096,1876.0046,1940.1201
10211.tif,1902.0968,413.7791,1896.2532,631.1317,1899.405,849.9914,1897.035,1068.0423,1894.2753,1285.968,1892.6729,1504.3516,1889.1762,1722.7634,1886.4144,1941.2606
10212.tif,1912.3201,412.7371,1906.3583,630.4451,1909.6614,849.6157,1907.2815,1067.9547,1904.5086,1286.2403,1902.9788,1504.8964,1899.4391,1723.6067,1896.6287,1942.4207
10213.tif,1922.4613,411.7254,1916.4684,629.7162,1919.8774,849.1848,1917.4812,1067.8911,1914.6951,1286.4579,1913.1295,1505.4448,1909.6279,1724.4579,1906.753,1943.5994
10214.tif,1932.4977,410.6705,1926.3634,629.0453,1929.9562,848.803,1927.55,1067.7879,1924.779,1286.67,1923.1931,1506.0093,1919.6549,1725.3479,1916.7589,1944.7954
10215.tif,1942.4635,409.6028,1936.2518,628.2804,1939.9098,848.3502,1937.513,1067.7088,1934.7083,1286.9291,1933.1416,1506.5764,1929.5661,1726.286,1926.6262,1946.0304
10216.tif,1952.4183,408.4406,1946.1356,627.4881,1949.9424,847.9422,1947.5175,1067.6004,1944.7181,1287.1825,1943.2148,1507.1852,1939.5793,1727.219,1936.5802,1947.2946
10217.tif,1962.4029,407.25,1955.9993,626.6667,1959.9525,847.4905,1957.5616,1067.4955,1954.7445,1287.4588,1953.2314,1507.8056,1949.5653,1728.1978,1946.533,1948.6899
10218.tif,1972.4669,406.042,1965.9722,625.8134,1970.062,846.9777,1967.6349,1067.439,1964.798,1287.6917,1963.3171,1508.474,1959.6104,1729.167,1956.5683,1950.0349
10219.tif,1982.1044,404.784,1975.524,624.9776,1979.7666,846.4899,1977.3361,1067.3026,1974.4769,1287.9695,1972.9709,1509.0829,1969.3065,1730.1926,1966.1725,1951.4164
10220.tif,1991.5323,403.5606,1984.8534,624.1256,1989.2257,845.9872,1986.8425,1067.1678,1983.9278,1288.2213,1982.446,1509.6831,1978.7286,1731.1893,1975.6121,1952.7641
10221.tif,2000.7993,402.3471,1994.0311,623.2571,1998.5317,845.4908,1996.0898,1067.0404,1993.2207,1288.4659,1991.7508,1510.3668,1987.9837,1732.194,1984.8056,1954.1877
10222.tif,2009.9572,401.0424,2003.0857,622.3992,2007.7768,845.0135,2005.2861,1066.9434,2002.4087,1288.7626,2000.905,1511.0038,1997.1427,1733.2165,1993.9304,1955.5827
10223.tif,2018.9354,399.7489,2012.044,621.427,2016.8044,844.4983,2014.3536,1066.8357,2011.4713,1289.0307,2009.9874,1511.7,2006.2271,1734.318,2002.8951,1957.046
10224.tif,2027.7843,398.3579,2020.8016,620.5531,2025.694,843.9476,2023.2702,1066.6859,2020.3648,1289.2629,2018.8338,1512.3327,2015.0809,1735.382,2011.7198,1958.4871
10225.tif,2036.6044,397.0314,2029.5084,619.6054,2034.5701,843.4054,2032.1093,1066.5501,2029.1968,1289.5638,2027.6547,1513.024,2023.87,1736.4625,2020.5124,1959.9795
10226.tif,2045.4386,395.5955,2038.272,618.6628,2043.3975,842.7868,2040.945,1066.3828,2038.0326,1289.8552,2036.5372,1513.7013,2032.7046,1737.5752,2029.3179,1961.5464
10227.tif,2054.1524,394.1733,2046.9254,617.5902,2052.1502,842.2595,2049.719,1066.2634,2046.7651,1290.175,2045.3386,1514.4578,2041.4903,1738.7656,2038.0165,1963.1432
10228.tif,2062.7129,392.6639,2055.3227,616.5565,2060.7773,841.6757,2058.2932,1066.0851,2055.3443,1290.4344,2053.885,1515.1689,2050.0044,1739.936,2046.5555,1964.7272
10229.tif,2071.0987,391.1675,2063.6495,615.5231,2069.1814,841.0062,2066.7661,1065.9274,2063.7549,1290.7173,2062.2715,1515.9068,2058.4304,1741.0961,2054.9101,1966.3699
10230.tif,2079.3776,389.6619,2071.8087,614.4533,2077.5055,840.4228,2075.0369,1065.8062,2072.0278,1290.9877,2070.5839,1516.6618,2066.7024,1742.2955,2063.1412,1968.0189
10231.tif,2087.3799,388.1263,2079.7478,613.3677,2085.5651,839.769,2083.1313,1065.6377,2080.1546,1291.2787,2078.6585,1517.4297,2074.7179,1743.4956,2071.159,1969.7099
10232.tif,2095.1564,386.5272,2087.5145,612.2983,2093.3993,839.2289,2090.8691,1065.4259,2087.9072,1291.6104,2086.4623,1518.1918,2082.5646,1744.7086,2078.9041,1971.3191
10233.tif,2102.8977,384.9472,2095.0978,611.2025,2101.166,838.4878,2098.6145,1065.2467,2095.639,1291.8839,2094.2282,1518.9178,2090.2523,1745.945,2086.5674,1972.9975
10234.tif,2110.3068,383.3867,2102.4533,610.0774,2108.6083,837.8395,2106.1424,1065.1066,2103.1166,1292.2087,2101.7076,1519.6563,2097.7487,1747.1726,2093.9956,1974.6963
10235.tif,2117.7025,381.7451,2109.7541,608.9475,2116.0368,837.1608,2113.5432,1064.904,2110.5323,1292.4572,2109.0579,1520.4947,2105.1141,1748.4446,2101.3538,1976.4649
10236.tif,2124.889,380.08,2116.9064,607.7547,2123.242,836.4668,2120.794,1064.6844,2117.8096,1292.7633,2116.347,1521.2382,2112.3686,1749.7195,2108.5195,1978.2414
10237.tif,2132.0836,378.3272,2124.065,606.5828,2130.5613,835.8231,2128.0268,1064.482,2125.0208,1293.0737,2123.569,1522.0894,2119.5566,1751.049,2115.6918,1980.0299
10238.tif,2139.0946,376.5939,2131.0023,605.3333,2137.5641,835.0613,2135.1176,1064.2855,2131.9835,1293.3869,2130.5886,1522.9492,2126.5761,1752.3704,2122.6756,1981.9096
10239.tif,2145.7884,374.8709,2137.5735,604.1363,2144.314,834.3483,2141.7771,1064.067,2138.7427,1293.7068,2137.3697,1523.7493,2133.2656,1753.6731,2129.348,1983.6867
10240.tif,2152.3136,373.1623,2144.0583,602.8888,2150.8831,833.6171,2148.3382,1063.8742,2145.3276,1293.9825,2143.9035,1524.5419,2139.8442,1755.0312,2135.9134,1985.5546
10241.tif,2158.8005,371.3307,2150.4345,601.6405,2157.321,832.8531,2154.8646,1063.6313,2151.7975,1294.3525,2150.3771,1525.4008,2146.2882,1756.3745,2142.3125,1987.4473
10242.tif,2165.0546,369.4802,2156.671,600.387,2163.6689,832.1047,2161.096,1063.4567,2158.113,1294.6171,2156.6953,1526.2526,2152.6114,1757.7829,2148.5886,1989.3695
10243.tif,2170.9544,367.7192,2162.5054,599.1183,2169.6382,831.3328,2167.1154,1063.2221,2164.0225,1294.9274,2162.6325,1527.1058,2158.5388,1759.1941,2154.4978,1991.2403
10244.tif,2176.6176,365.911,2168.0417,597.8443,2175.273,830.6274,2172.7469,1062.9982,2169.6741,1295.2388,2168.3045,1527.9242,2164.2376,1760.5206,2160.1031,1993.0947
10245.tif,2182.1557,364.0747,2173.5697,596.5564,2180.8259,829.843,2178.3061,1062.7531,2175.2521,1295.5563,2173.8197,1528.8044,2169.7151,1761.8529,2165.6522,1995.0144
10246.tif,2187.5291,362.189,2178.8371,595.2317,2186.2782,829.0804,2183.72,1062.5595,2180.6189,1295.8758,2179.2705,1529.6193,2175.1482,1763.3279,2171.0012,1996.9786
10247.tif,2192.8035,360.235,2184.0464,593.8591,2191.5327,828.2726,2188.9947,1062.328,2185.8845,1296.2009,2184.5342,1530.5292,2180.4654,1764.7187,2176.2338,1999.013
10248.tif,2197.7969,358.3044,2189.0757,592.5117,2196.6319,827.4082,2194.0565,1062.0363,2191.033,1296.5264,2189.6179,1531.4344,2185.4535,1766.1747,2181.2352,2001.0013
10249.tif,2202.6722,356.3179,2193.8356,591.1457,2201.4332,826.6337,2198.8665,1061.7826,2195.8331,1296.8462,2194.4479,1532.2725,2190.308,1767.6843,2186.1017,2003.0378
10250.tif,2207.2616,354.3318,2198.4143,589.7152,2206.0634,825.7438,2203.5396,1061.5513,2200.4549,1297.1576,2199.0868,1533.2249,2194.9944,1769.1488,2190.7059,2005.0711
10251.tif,2211.5258,352.3421,2202.6853,588.3081,2210.3777,824.8901,2207.7819,1061.272,2204.7418,1297.4769,2203.4077,1534.1072,2199.3047,1770.6124,2194.997,2007.1278
10252.tif,2215.6125,350.3494,2206.6974,586.9084,2214.464,824.1016,2211.8632,1060.9805,2208.8755,1297.7974,2207.4681,1535.0135,2203.4101,1772.1057,2199.1074,2009.1871
10253.tif,2219.4847,348.3407,2210.5437,585.5118,2218.3392,823.2393,2215.7583,1060.7074,2212.7105,1298.1309,2211.3393,1535.8754,2207.2569,1773.5304,2202.9009,2011.1967
10254.tif,2223.2272,346.269,2214.1832,584.1051,2222.1656,822.3161,2219.5543,1060.4743,2216.4847,1298.4137,2215.1119,1536.795,2211.0277,1775.0683,2206.6206,2013.2766
10255.tif,2226.7603,344.2231,2217.6188,582.6031,2225.6998,821.4199,2223.2007,1060.17,2220.0901,1298.7552,2218.72,1537.792,2214.6139,1776.5912,2210.15,2015.3885
10256.tif,2230.0935,342.1688,2220.8785,581.0953,2229.0167,820.5898,2226.5224,1059.9459,2223.4306,1299.0401,2222.0897,1538.6472,2217.9572,1778.1589,2213.4713,2017.5808
10257.tif,2233.2489,339.9725,2223.9925,579.6462,2232.272,819.6527,2229.727,1059.5877,2226.6426,1299.4221,2225.3265,1539.618,2221.1385,1779.7023,2216.6588,2019.6953
10258.tif,2236.228,337.8903,2226.8934,578.1746,2235.1954,818.7379,2232.6315,1059.3461,2229.6366,1299.6851,2228.2534,1540.5379,2224.0882,1781.1944,2219.6173,2021.8869
10259.tif,2238.8789,335.8019,2229.5029,576.6277,2237.9116,817.8966,2235.2967,1059.0466,2232.247,1300.0124,2230.9425,1541.5056,2226.822,1782.7564,2222.2435,2024.0068
10260.tif,2241.3417,333.5746,2231.9025,575.0866,2240.4558,816.9284,2237.8643,1058.7332,2234.7897,1300.3752,2233.4452,1542.4409,2229.2809,1784.3315,2224.7213,2026.1963
10261.tif,2243.7185,331.4133,2234.1569,573.5208,2242.8042,816.0045,2240.222,1058.4243,2237.0977,1300.702,2235.7041,1543.3982,2231.6615,1785.9538,2227.0277,2028.4036
10262.tif,2245.6359,329.2724,2236.1452,571.9784,2244.762,815.101,2242.2882,1058.1287,2239.0748,1301.0123,2237.7888,1544.4196,2233.6969,1787.5485,2229.0072,2030.6178
10263.tif,2247.4106,327.0896,2237.8595,570.4997,2246.5582,814.1492,2243.9312,1057.8218,2240.8814,1301.3378,2239.5953,1545.308,2235.384,1789.0201,2230.7069,2032.7768
10264.tif,2248.9353,324.9084,2239.3025,568.9902,2248.1232,813.2113,2245.4418,1057.48,2242.447,1301.6147,2241.0461,1546.239,2236.9317,1790.6448,2232.2292,2034.9915
10265.tif,2250.1843,322.6956,2240.4918,567.4262,2249.3074,812.2643,2246.8369,1057.206,2243.7137,1301.9545,2242.3559,1547.218,2238.2556,1792.2779,2233.6008,2037.1669
10266.tif,2251.2547,320.4931,2241.5845,565.8254,2250.4996,811.3026,2247.9175,1056.9215,2244.8551,1302.3301,2243.4153,1548.1581,2239.4082,1793.8652,2234.6293,2039.3724
10267.tif,2252.0293,318.2459,2242.408,564.1846,2251.2998,810.3432,2248.7227,1056.6088,2245.5844,1302.6076,2244.3162,1549.2117,2240.1612,1795.4429,2235.386,2041.629
10268.tif,2252.5696,316.0363,2242.8285,562.6498,2251.856,809.3892,2249.242,1056.3268,2246.1593,1302.9904,2244.9083,1550.1203,2240.7655,1797.0866,2235.9594,2043.8646
10269.tif,2252.8219,313.7316,2243.1984,561.0453,2252.2132,808.444,2249.6403,1055.9433,2246.4891,1303.3243,2245.1896,1551.0788,2241.1117,1798.6776,2236.2948,2046.1146
10270.tif,2252.9278,311.4468,2243.2481,559.4277,2252.3061,807.4409,2249.6836,1055.6327,2246.5888,1303.6181,2245.3223,1552.0852,2241.1896,1800.3429,2236.3281,2048.4113
10271.tif,2252.7442,309.1793,2242.9248,557.8198,2252.076,806.4487,2249.4552,1055.3081,2246.3401,1303.9585,2245.0532,1553.0727,2240.9163,1801.9797,2236.1531,2050.694
10272.tif,2252.2556,306.9192,2242.4157,556.2078,2251.6318,805.4692,2249.0603,1054.9827,2245.9433,1304.2739,2244.6477,1554.0806,2240.5556,1803.6249,2235.6495,2052.9107
10273.tif,2251.5377,304.7182,2241.7241,554.629,2250.8454,804.4667,2248.2603,1054.6278,2245.3105,1304.6076,2243.9126,1554.9875,2239.8516,1805.18,2234.9892,2055.1587
10274.tif,2250.6336,302.4851,2240.7457,552.9864,2249.9285,803.5162,2247.3342,1054.2703,2244.319,1304.9259,2243.0073,1555.9429,2238.9174,1806.7662,2234.0229,2057.402
10275.tif,2249.3347,300.233,2239.5294,551.4114,2248.6791,802.5156,2246.1816,1054.0183,2243.0984,1305.1872,2241.7784,1556.8569,2237.7372,1808.4124,2232.7774,2059.6302
10276.tif,2247.8012,297.9107,2238.0115,549.7595,2247.1619,801.5255,2244.6411,1053.5773,2241.6279,1305.4729,2240.2617,1557.8938,2236.2465,1809.9991,2231.2494,2061.8563
10277.tif,2246.0972,295.6884,2236.2992,548.162,2245.4519,800.5295,2242.8814,1053.2989,2239.9309,1305.8437,2238.4963,1558.8514,2234.445,1811.6284,2229.5528,2064.1108
10278.tif,2243.9835,293.3511,2234.2436,546.5639,2243.4365,799.4966,2240.9099,1052.8921,2237.8009,1306.1312,2236.4859,1559.8578,2232.4498,1813.2405,2227.5214,2066.432
10279.tif,2241.6322,291.0754,2231.8665,544.9237,2241.1069,798.5628,2238.5926,1052.5412,2235.5166,1306.4844,2234.2413,1560.7914,2230.2028,1814.8977,2225.2308,2068.6609
10280.tif,2239.0858,288.7773,2229.3256,543.2213,2238.484,797.4837,2235.9365,1052.2823,2232.9689,1306.7319,2231.6204,1561.7571,2227.6156,1816.4701,2222.6434,2070.9449
10281.tif,2236.2655,286.4324,2226.4298,541.6304,2235.6556,796.5252,2233.1168,1051.8818,2230.1357,1307.0999,2228.769,1562.7753,2224.7075,1818.1242,2219.7454,2073.1731
10282.tif,2233.2074,284.2092,2223.4234,540.0054,2232.6202,795.4989,2230.0743,1051.5641,2227.0945,1307.3741,2225.7387,1563.6403,2221.7522,1819.7008,2216.7007,2075.4032
10283.tif,2229.8444,281.9833,2220.067,538.3485,2229.224,794.5676,2226.7588,1051.1991,2223.8082,1307.6537,2222.3556,1564.5908,2218.4561,1821.2285,2213.4051,2077.5616
10284.tif,2226.1915,279.7721,2216.5299,536.7545,2225.6262,793.5867,2223.1469,1050.8565,2220.1045,1307.9954,2218.8058,1565.5981,2214.9129,1822.8378,2209.8363,2079.7608
10285.tif,2222.3381,277.5258,2212.6012,535.1241,2221.7209,792.559,2219.2136,1050.505,2216.2795,1308.2576,2214.8987,1566.4967,2210.976,1824.4627,2205.9908,2082.0014
10286.tif,2218.1407,275.261,2208.4907,533.4984,2217.5879,791.5557,2215.0684,1050.1593,2212.112,1308.516,2210.7438,1567.4232,2206.8083,1825.984,2201.8062,2084.2376
10287.tif,2213.7082,273.0012,2204.1674,531.8871,2213.0967,790.57,2210.5611,1049.7447,2207.6885,1308.8087,2206.2773,1568.3499,2202.4055,1827.5845,2197.3683,2086.3969
10288.tif,2208.9967,270.7482,2199.4943,530.2088,2208.3698,789.5248,2205.8919,1049.4507,2202.9696,1309.1404,2201.54,1569.2599,2197.7963,1829.183,2192.7387,2088.6679
10289.tif,2203.9465,268.4543,2194.5722,528.6111,2203.3992,788.5493,2200.8525,1049.0371,2197.9641,1309.4119,2196.6161,1570.2677,2192.8029,1830.7667,2187.7948,2090.8278
10290.tif,2198.7212,266.3168,2189.432,527.0361,2198.1343,787.5333,2195.6973,1048.6961,2192.8238,1309.6773,2191.4068,1571.1425,2187.5906,1832.2623,2182.5996,2092.9981
10291.tif,2193.3443,264.0404,2183.9891,525.4107,2192.6906,786.5285,2190.2749,1048.3576,2187.383,1309.9736,2185.9828,1572.0441,2182.2012,1833.8106,2177.2028,2095.1585
10292.tif,2187.5847,261.8179,2178.2805,523.7874,2186.9891,785.554,2184.5885,1048.0443,2181.7257,1310.2534,2180.3434,1572.9585,2176.5399,1835.3755,2171.4713,2097.3374
10293.tif,2181.5935,259.6569,2172.2995,522.1697,2181.0633,784.5367,2178.5842,1047.6556,2175.7171,1310.459,2174.3426,1573.8319,2170.5836,1836.8897,2165.5018,2099.4626
10294.tif,2175.2672,257.4469,2166.0461,520.6481,2174.7276,783.6064,2172.3523,1047.3101,2169.4905,1310.7359,2168.03,1574.7457,2164.3363,1838.3915,2159.226,2101.5626
10295.tif,2168.7141,255.2889,2159.4443,519.0828,2168.1176,782.6146,2165.7062,1046.9122,2162.8872,1311.0096,2161.4468,1575.6359,2157.7422,1839.8564,2152.6091,2103.6706
10296.tif,2161.7666,253.1088,2152.6076,517.5174,2161.2185,781.6454,2158.8111,1046.5558,2155.9566,1311.2444,2154.5373,1576.4686,2150.8297,1841.3411,2145.6965,2105.7394
10297.tif,2154.5648,250.9902,2145.471,515.9337,2153.9708,780.6774,2151.6407,1046.238,2148.8168,1311.5432,2147.3777,1577.3639,2143.6775,1842.8102,2138.5795,2107.815
10298.tif,2147.0777,248.8057,2138.0442,514.4097,2146.4869,779.7462,2144.1359,1045.8491,2141.3349,1311.7324,2139.8985,1578.2089,2136.2365,1844.2368,2131.1164,2109.8639
10299.tif,2139.3149,246.7296,2130.3058,512.8717,2138.6863,778.7494,2136.3755,1045.4963,2133.5857,1311.9968,2132.1114,1579.0507,2128.4772,1845.6955,2123.3461,2111.9176
10300.tif,2131.2077,244.6269,2122.2934,511.3099,2130.5836,777.7596,2128.2917,1045.1292,2125.4899,1312.203,2123.9762,1579.8323,2120.4069,1847.1299,2115.3009,2113.9067
10301.tif,2122.8822,242.5061,2113.9989,509.8308,2122.2857,776.8474,2119.9355,1044.7583,2117.167,1312.481,2115.7086,1580.6853,2112.1302,1848.5284,2107.0254,2115.9077
10302.tif,2114.376,240.5082,2105.6679,508.356,2113.8103,775.9219,2111.4664,1044.4136,2108.7552,1312.6735,2107.2669,1581.4568,2103.7507,1849.8474,2098.6807,2117.8452
10303.tif,2105.653,238.4806,2096.9285,506.9144,2104.9764,774.9814,2102.6446,1044.0102,2099.9772,1312.8742,2098.4433,1582.2422,2094.9183,1851.202,2089.9042,2119.741
10304.tif,2096.5144,236.4774,2087.9075,505.4194,2095.8745,774.0739,2093.5321,1043.7184,2090.8116,1313.0847,2089.3566,1583.0245,2085.8694,1852.5729,2080.7934,2121.6238
10305.tif,2087.163,234.4496,2078.6859,504.0006,2086.4659,773.1489,2084.1691,1043.3255,2081.4848,1313.3197,2079.9699,1583.8175,2076.581,1853.8755,2071.509,2123.5154
10306.tif,2077.6182,232.5113,2069.1723,502.5592,2076.904,772.2427,2074.6142,1042.9741,2071.9727,1313.4927,2070.4207,1584.5632,2067.0267,1855.2128,2062.0115,2125.3163
10307.tif,2067.7751,230.5603,2059.4742,501.1322,2067.0045,771.3397,2064.7137,1042.6439,2062.0796,1313.7191,2060.5632,1585.2379,2057.2184,1856.4713,2052.2133,2127.1801
10308.tif,2057.6155,228.6753,2049.4072,499.7367,2056.794,770.4702,2054.5937,1042.2846,2051.9633,1313.905,2050.4356,1585.9527,2047.12,1857.7536,2042.14,2128.9573
10309.tif,2047.2162,226.7506,2039.0964,498.3856,2046.4263,769.5726,2044.1619,1041.9458,2041.5709,1314.0739,2040.0228,1586.678,2036.7282,1858.9585,2031.7624,2130.7085
10310.tif,2036.5722,224.8667,2028.6326,497.0024,2035.8123,768.7327,2033.5674,1041.5806,2030.9908,1314.2455,2029.3873,1587.4173,2026.1468,1860.1656,2021.2343,2132.4158
10311.tif,2025.7222,223.0162,2017.8653,495.6444,2024.8664,767.9043,2022.6542,1041.2505,2020.0818,1314.399,2018.4991,1588.0784,2015.3571,1861.3451,2010.3744,2134.1377
10312.tif,2014.5892,221.244,2006.831,494.3259,2013.6683,767.0491,2011.4743,1040.9356,2008.9579,1314.5725,2007.3958,1588.7216,2004.2529,1862.5041,1999.3396,2135.7661
10313.tif,2003.2195,219.4685,1995.5733,493.0357,2002.3253,766.2012,2000.1097,1040.5725,1997.582,1314.706,1995.9816,1589.3878,1992.9067,1863.6708,1988.0408,2137.4018
10314.tif,1991.6684,217.7227,1984.1622,491.7541,1990.6707,765.3358,1988.5252,1040.2391,1986.0124,1314.8676,1984.3727,1590.0041,1981.3484,1864.7469,1976.5196,2138.9796
10315.tif,1979.8633,215.9601,1972.4396,490.5021,1978.8455,764.5819,1976.6699,1039.9154,1974.1601,1315.0335,1972.5545,1590.6317,1969.546,1865.8247,1964.7827,2140.524
10316.tif,1967.7965,214.3316,1960.5639,489.3065,1966.7332,763.7781,1964.6136,1039.6055,1962.1571,1315.1174,1960.5435,1591.2028,1957.5701,1866.9013,1952.8521,2142.0713
10317.tif,1955.6852,212.6763,1948.5578,488.0773,1954.5703,763.0302,1952.4609,1039.2517,1950.0149,1315.2191,1948.4002,1591.8067,1945.4832,1867.9145,1940.757,2143.5248
10318.tif,1943.266,211.032,1936.2589,486.9155,1942.1157,762.2698,1940.01,1038.9404,1937.6053,1315.3924,1935.9431,1592.3694,1933.0715,1868.9225,1928.4123,2144.9464
10319.tif,1930.5128,209.4805,1923.6542,485.7483,1929.3128,761.4948,1927.2225,1038.62,1924.8258,1315.4633,1923.1742,1592.9125,1920.3706,1869.9085,1915.692,2146.3085
10320.tif,1917.6043,207.9109,1910.8945,484.6234,1916.3513,760.7906,1914.3004,1038.3347,1911.9736,1315.6078,1910.2573,1593.4254,1907.4746,1870.8006,1902.917,2147.699
10321.tif,1904.5587,206.417,1898.0237,483.5239,1903.2436,760.0471,1901.1927,1037.9986,1898.8858,1315.6765,1897.1502,1593.9519,1894.4724,1871.7113,1889.9236,2149.0215
10322.tif,1891.2023,204.9433,1884.7748,482.4482,1889.8494,759.3664,1887.7989,1037.7048,1885.4879,1315.7947,1883.7524,1594.422,1881.0956,1872.6278,1876.6283,2150.292
10323.tif,1877.525,203.5013,1871.2526,481.366,1876.1653,758.6654,1874.0861,1037.369,1871.8426,1315.8802,1870.1291,1594.8816,1867.4904,1873.4678,1863.0286,2151.5195
10324.tif,1863.7587,202.0734,1857.6525,480.4104,1862.3511,757.999,1860.3249,1037.0923,1858.0784,1315.9366,1856.3069,1595.3531,1853.7484,1874.2721,1849.3569,2152.6992
10325.tif,1850.0001,200.7647,1844.0606,479.3959,1848.5172,757.3601,1846.4843,1036.7783,1844.2692,1316.0144,1842.5374,1595.7781,1840.0418,1875.0855,1835.6357,2153.8594
10326.tif,1836.1271,199.4633,1830.3411,478.4609,1834.541,756.7228,1832.5251,1036.5274,1830.3603,1316.1148,1828.6042,1596.1552,1826.1291,1875.8291,1821.8071,2154.9399
10327.tif,1821.8933,198.1808,1816.2761,477.5354,1820.2759,756.0963,1818.303,1036.2491,1816.1321,1316.1346,1814.3606,1596.5694,1811.9588,1876.5555,1807.7147,2155.9895
10328.tif,1807.6088,196.9703,1802.0837,476.6103,1805.9046,755.5247,1803.9283,1035.9857,1801.7884,1316.1606,1799.9968,1596.9371,1797.6674,1877.2482,1793.4262,2156.953
10329.tif,1793.1459,195.769,1787.8288,475.7678,1791.3867,754.9259,1789.4369,1035.7267,1787.3021,1316.1901,1785.5151,1597.2953,1783.1869,1877.8807,1779.0514,2157.9209
10330.tif,1778.6024,194.6498,1773.4297,474.9495,1776.8048,754.408,1774.8707,1035.4502,1772.8028,1316.2257,1770.9657,1597.5872,1768.7277,1878.5246,1764.6258,2158.814
10331.tif,1763.8901,193.6309,1758.9457,474.1002,1762.0513,753.8608,1760.124,1035.1628,1758.0509,1316.2493,1756.2526,1597.8804,1754.0438,1879.0712,1749.9985,2159.6863
10332.tif,1749.0461,192.5762,1744.2244,473.3657,1747.1164,753.3725,1745.2163,1034.9277,1743.2062,1316.2663,1741.3293,1598.206,1739.1959,1879.6111,1735.175,2160.5033
10333.tif,1733.9555,191.5812,1729.3228,472.6356,1731.9858,752.8608,1730.0726,1034.6754,1728.0909,1316.2826,1726.2229,1598.4552,1724.1498,1880.1582,1720.214,2161.2418
10334.tif,1718.6372,190.5918,1714.1995,471.9339,1716.5512,752.3398,1714.6666,1034.417,1712.722,1316.2664,1710.8492,1598.6539,1708.8292,1880.6071,1704.9364,2161.9859
10335.tif,1703.3232,189.7533,1699.019,471.2755,1701.187,751.9381,1699.3527,1034.2043,1697.3928,1316.2789,1695.4669,1598.8652,1693.4977,1881.0645,1689.6785,2162.6257
10336.tif,1688.0244,188.8691,1683.8754,470.6328,1685.8326,751.4674,1683.9619,1033.9842,1682.0838,1316.2828,1680.1506,1599.0587,1678.2409,1881.4436,1674.4935,2163.252
10337.tif,1672.6367,188.102,1668.6848,470.0453,1670.406,751.0296,1668.5575,1033.7948,1666.6844,1316.2132,1664.7806,1599.226,1662.8853,1881.8079,1659.2056,2163.7845
10338.tif,1657.1924,187.3459,1653.4169,469.4959,1654.8753,750.6663,1652.9943,1033.5867,1651.1618,1316.1993,1649.2284,1599.3929,1647.395,1882.1623,1643.8027,2164.3173
10339.tif,1641.5256,186.651,1637.9445,468.9745,1639.1187,750.3254,1637.2752,1033.323,1635.4799,1316.1494,1633.5774,1599.5312,1631.7828,1882.4375,1628.1871,2164.7369
10340.tif,1625.8255,186.0209,1622.4443,468.4915,1623.383,749.928,1621.6007,1033.1417,1619.829,1316.101,1617.8171,1599.6352,1616.1115,1882.7173,1612.5927,2165.1534
10341.tif,1610.0504,185.4203,1606.8585,467.9971,1607.5644,749.6227,1605.7875,1032.931,1604.002,1316.0112,1602.0133,1599.7054,1600.3548,1882.9066,1596.9062,2165.5425
10342.tif,1593.9876,184.9033,1590.973,467.6071,1591.3919,749.3153,1589.604,1032.7519,1587.9015,1316.0051,1585.8719,1599.7483,1584.2507,1883.0779,1580.8845,2165.8183
10343.tif,1577.9179,184.4125,1575.0353,467.2107,1575.2164,749.0021,1573.4604,1032.5667,1571.7897,1315.9212,1569.7371,1599.7765,1568.1826,1883.2273,1564.8815,2166.0361
10344.tif,1561.8991,184.0148,1559.182,466.8962,1559.1227,748.6999,1557.3618,1032.403,1555.7052,1315.8222,1553.6851,1599.796,1552.1781,1883.3076,1548.9289,2166.2869
10345.tif,1546.0354,183.5881,1543.549,466.5775,1543.1913,748.4993,1541.4444,1032.2347,1539.8429,1315.7053,1537.8121,1599.7721,1536.3849,1883.4174,1533.1595,2166.3866
10346.tif,1530.0804,183.2629,1527.8108,466.2791,1527.1596,748.3039,1525.4733,1032.0581,1523.8429,1315.6298,1521.7701,1599.7423,1520.3855,1883.4596,1517.2561,2166.4744
10347.tif,1513.8948,182.9656,1511.8333,466.0357,1510.9469,748.099,1509.2462,1031.9357,1507.6553,1315.5177,1505.5759,1599.7023,1504.2259,1883.4406,1501.1738,2166.5038
10348.tif,1497.8019,182.7393,1495.9044,465.864,1494.7672,747.9026,1493.0621,1031.7685,1491.4917,1315.4335,1489.4302,1599.6183,1488.1198,1883.352,1485.1399,2166.4802
10349.tif,1481.6816,182.6056,1479.9351,465.7312,1478.5144,747.7697,1476.8507,1031.6529,1475.2818,1315.2772,1473.1993,1599.5175,1472.0138,1883.2944,1469.096,2166.3833
10350.tif,1465.6365,182.4958,1464.0581,465.5889,1462.3461,747.6247,1460.6801,1031.5473,1459.1354,1315.1246,1457.0576,1599.3905,1455.9333,1883.1301,1453.0689,2166.2854
20000.tif,1465.6347,182.5191,1464.0381,465.587,1462.3573,747.6292,1460.6735,1031.5375,1459.1497,1315.1194,1457.0448,1599.4074,1455.9119,1883.1385,1453.0632,2166.2813
21750.tif,713.4043,319.5553,718.8224,561.6219,706.1422,803.8029,704.8407,1046.2277,703.8525,1288.5874,701.3057,1531.4813,701.2482,1774.4047,702.1673,2016.9352
23500.tif,1488.0842,430.6487,1485.8891,642.1685,1483.6866,855.3497,1481.5853,1067.649,1479.3516,1279.7712,1477.4818,1492.4128,1475.0143,1705.1859,1473.7053,1918.1056
25250.tif,2246.5865,328.1568,2237.0231,571.2786,2245.6754,814.5964,2243.0845,1058.0013,2240.0352,1301.1801,2238.7508,1544.7953,2234.6181,1788.2957,2229.8893,2031.6753
27000.tif,1465.0753,182.4999,1463.5323,465.586,1461.8508,747.6157,1460.1196,1031.5736,1458.6644,1315.1221,1456.5684,1599.3845,1455.3897,1883.1673,1452.5855,2166.2382
