frec,p1,p2,p3,p4,p5,p6,p7,p8,p9,p10,MTF_mean
0.0,1.0,1.0,1.0,1.0,1.0,1.0,1.0,1.0,1.0,1.0,1.0
0.49935039462177133,0.8882394191424616,0.8797630927729907,0.8852984276458922,0.8651090658053048,0.8683441120451385,0.8840596540785856,0.8739890969905171,0.8701971685341486,0.8487122795135594,0.8561521371971575,0.8719864453725756
0.9987007892435427,0.7953579640634145,0.7791490596204387,0.7993484534651971,0.7909401979011667,0.7557023860103987,0.771215419851531,0.7781591522518376,0.7742895859193915,0.7475058303939476,0.7502396586014975,0.7741907708078821
1.4980511838653139,0.78690061439428,0.7726571110456725,0.7904293066933509,0.8066753924001056,0.7369707230211034,0.7395107057290312,0.7589470507427174,0.7640997180728097,0.7428725138505391,0.7593058835690245,0.7658369019518634
1.9974015784870853,0.7859152397688253,0.7517051180195455,0.797200570770459,0.7855741847737222,0.7344632834713662,0.7486654177190911,0.7279084109570108,0.7548589750599646,0.7584323172277556,0.7491625607236618,0.7593886078491401
2.4967519731088568,0.7622771801227024,0.7219202571367838,0.7941057438537619,0.7610490473327788,0.7347311249285717,0.7561870915765817,0.7100953045864822,0.7421281207944757,0.7613935327745035,0.7510564682795563,0.7494943871386199
2.9961023677306278,0.7440439988779406,0.7292429641842676,0.7810141833920645,0.7562071691634108,0.7218547912880859,0.7496658905221976,0.6977066413502492,0.7396198683577905,0.7438414213771137,0.7584681949919186,0.7421665123505038
3.495452762352399,0.7454269279355831,0.7401917049889389,0.765411343250394,0.760181009298172,0.7044228918384202,0.730915625184368,0.6880926576833782,0.7269489353567106,0.726622767397841,0.7428957311168525,0.7331109594050658
3.9948031569741707,0.7503511558761305,0.7325951114167096,0.747871246723147,0.7612717220490499,0.6998153740805356,0.7132720457975434,0.7071043968750981,0.7039733393678697,0.7168785111525645,0.7222189034401226,0.725535180677877
4.494153551595942,0.7479711522041332,0.7164517579674377,0.7487134611149789,0.7369702583949111,0.7023371875696831,0.6936852890108921,0.6972781039762315,0.713107445004013,0.6992795288605231,0.714842927276018,0.7170637111378821
4.9935039462177135,0.7498939959909278,0.7056178048840217,0.7594990803432689,0.7262484755691733,0.7024899710479637,0.6899158005940768,0.6947583047268067,0.7156052731345257,0.6868079485717313,0.71555921645351,0.7146395871316006
5.492854340839485,0.7342195328462242,0.6867032551950134,0.754194298403442,0.7371528535729436,0.6759722700011414,0.6885947927942703,0.702950998345719,0.6987681743809918,0.6999220125404888,0.7030615585153843,0.7081539746595619
5.9922047354612555,0.7266547361820398,0.6747840356170852,0.7245202524998945,0.7207229517519075,0.647586675816704,0.6655426469014574,0.7029628241919231,0.7065422300956972,0.6918505504692407,0.6781402882328188,0.6939307191758768
6.491555130083027,0.7280266028376865,0.6769941457869697,0.7107002920270243,0.6851438038908061,0.6214531658211245,0.6289523673349967,0.6901209436662331,0.6983454649548154,0.7079449754730326,0.6970488289934473,0.6844730590786137
6.990905524704798,0.7028740177525623,0.6740797117905181,0.6942366460611669,0.7259414343028359,0.6121773414550195,0.5952194120827864,0.6816078410540083,0.6858336485106921,0.6580672621347022,0.6779093861368851,0.6707946701281176
7.49025591932657,0.6601861356504264,0.6667593852463003,0.663847286394919,0.7111463542584489,0.6467840345226978,0.5848619329231719,0.6496371886521547,0.7012055760269161,0.6291687894960376,0.621290244092029,0.6534886927263102
7.989606313948341,0.6397944915073295,0.6681357397441094,0.6679347377412621,0.6633929766363873,0.6478077851500196,0.6111637206957866,0.6176789358280788,0.6676393397399848,0.6452853392641735,0.634511887865457,0.646334495417259
8.488956708570113,0.6405654642732881,0.6549039712119272,0.6541798223061263,0.6689819265477203,0.630777939985513,0.6144500733922874,0.6034583527827082,0.6376244374794656,0.6192671956230099,0.623737017985382,0.6347946201587429
8.988307103191884,0.6225746960930164,0.6253193683321514,0.6507699072013593,0.6588087722931399,0.6138406502608971,0.5981840562194447,0.5941016087301119,0.6328754119064077,0.6126259778337364,0.598351677329651,0.6207452126199916
9.487657497813656,0.5987353079505787,0.6098770589989475,0.6396799427102365,0.6379261791354983,0.6108435071580898,0.5632103803155397,0.582291496448303,0.6269785646552182,0.603399556016296,0.5995823274983351,0.6072524320887042
9.987007892435427,0.5851467737520724,0.5903464209112252,0.6230505703784532,0.6113627691066463,0.5940259814285948,0.5470718697815058,0.5793266271349399,0.5997870824945941,0.5995254619844305,0.5923309007761133,0.5921974457748576
10.486358287057199,0.5822516565164495,0.5758562020746295,0.5951934774597023,0.5911461306564368,0.5675729240223945,0.5385441598845241,0.574311650392551,0.57333420634388,0.5779292151553103,0.5832449089858522,0.575938453149173
10.98570868167897,0.5664165075744847,0.5674120800533887,0.5739613199346494,0.584548438184454,0.5530337298480357,0.5389026784422235,0.5631065533247267,0.5485857557147578,0.5648478060695042,0.5698072661935333,0.5630622135339757
11.485059076300741,0.5451491431316212,0.556962521200611,0.5739230041122277,0.5652006587308993,0.548205959963129,0.5507040772321244,0.5441282469527905,0.5440265596229218,0.5546508515015246,0.5471433945096569,0.5530094416957507
11.984409470922511,0.5382426127235636,0.5443474269209468,0.5630345287857166,0.5502049512968825,0.5398374014097552,0.5354077487701373,0.5372030609999331,0.558343751297494,0.5486734842880372,0.5412895529516881,0.5456584519444154
12.483759865544283,0.5388484440146911,0.526907017488554,0.5542433132111904,0.5351161400614146,0.5279982827427908,0.4983623038620904,0.5124647688728046,0.5438169763671314,0.5286758795736037,0.5416796817128662,0.5308112807907137
12.983110260166054,0.5198717297862054,0.4975319873888498,0.5426310343403077,0.5250273410247471,0.5218848296855716,0.4745725335275563,0.49839987327075624,0.5226343241794262,0.5186095595786321,0.5228700143624188,0.5144033227144471
13.482460654787825,0.48970248780118214,0.4750233578284492,0.5271363731358435,0.49855523720693273,0.5153683248477264,0.4658612176650756,0.4952954964228139,0.5279300481719907,0.4869700793842899,0.5121460585076588,0.4993988680971963
13.981811049409597,0.47263889746879056,0.4758675747659599,0.5050653347957889,0.5121274000887388,0.48717339136213383,0.48400263114556324,0.463769750372682,0.5273606767779218,0.4623718349377558,0.4702192380784433,0.48605967297937774
14.481161444031368,0.47138698598398476,0.47125376390100154,0.49300056799200276,0.524532602899874,0.4381831661713642,0.4902266389614598,0.44517755321580765,0.4912936822491409,0.48260883046910824,0.45355148511741317,0.4761215276961156
14.98051183865314,0.46309504099471577,0.45709099506975615,0.48193638754506984,0.4903058936290555,0.4101166495741198,0.4747818058747564,0.4374949672293209,0.47189253524893715,0.4773391557424929,0.4567699065445966,0.46208233374528207
15.479862233274911,0.43975841951698186,0.45687782902663693,0.4569718796393805,0.47471705196152114,0.40938188035011,0.4404993764148551,0.4209826794281289,0.47316068587599824,0.48008711337536153,0.43394034430952544,0.44863772598985
15.979212627896683,0.4109219247973522,0.45813348716285657,0.4512692434502154,0.456313037604547,0.4110587366496288,0.4093998415256989,0.4196983223858007,0.4573434416127688,0.4703535295703665,0.42808554870819154,0.43725771134674263
16.478563022518454,0.4018504837887275,0.4299488254480853,0.4456446075923327,0.4366528307896586,0.39109403098530054,0.3978003808774611,0.40601219008124595,0.43806084499022474,0.44586834084818594,0.4226946011268118,0.42156271365280346
16.977913417140226,0.39864649405691893,0.4149274531438894,0.4352857072282875,0.41746914342880326,0.37924997343366273,0.40033922572494296,0.3967035567848253,0.4339911034631613,0.417481166204084,0.4154909412217232,0.41095847646902983
17.477263811761997,0.38573742330076405,0.4188668566348137,0.4118887881128087,0.40472893388691333,0.3662254171577969,0.3935160485301653,0.3913570472679646,0.4143782373885987,0.40288295847951566,0.3933269608198648,0.3982908671579205
17.97661420638377,0.3691992530693936,0.4011141755509333,0.39282167748761504,0.3986379930315079,0.3633201398241423,0.37385008798496255,0.3760834950059969,0.4061756210351215,0.40292561879797545,0.3720181835075176,0.3856146245295166
18.47596460100554,0.35942140390640315,0.37434515138640134,0.380746443741756,0.37689414004622274,0.35657103783993604,0.34288840695566564,0.36747130279055196,0.40245173415602076,0.4087617564344381,0.36892947791857655,0.3738480855175972
18.97531499562731,0.35362172267087855,0.36299591214308985,0.36318944828160166,0.3624133906838741,0.3626392808336051,0.32341596637907927,0.3563126814356987,0.38595769723546086,0.3936001411080973,0.36804518226656324,0.3632191423037948
19.474665390249083,0.33905441822483545,0.34600014721289857,0.3508475011585336,0.3522617742017937,0.35678071266652944,0.31573072344949055,0.33117490117552995,0.36855039401878115,0.3626164710812768,0.3450784281833715,0.34680954713730405
19.974015784870854,0.31526893157886654,0.32585309496034215,0.3561269141853767,0.3336875566433215,0.33218354993609045,0.3214693208143802,0.3288413825593835,0.3426652209017229,0.33778188577370777,0.3279088130178063,0.3321786670370998
20.473366179492626,0.3003234728633723,0.31832673622222124,0.34048015973331547,0.3224590135307653,0.31251501520526387,0.3138808414229023,0.3340632947941663,0.33267778942454956,0.3378628661661323,0.3112238530330804,0.32238130423957695
20.972716574114397,0.2918244129249339,0.31568473653993645,0.31405892037757244,0.3213087839517241,0.3100753713222681,0.2904560600130988,0.31887730018232907,0.3318111699126035,0.34943177238448236,0.27515893948143216,0.3118687467090381
21.47206696873617,0.27526209835634424,0.31112928162674547,0.3035291083581162,0.31460481127448336,0.30878574347769056,0.2604420161072694,0.2976280875927259,0.3330995630472293,0.32923042875930086,0.26937956567236665,0.3003090704272272
21.97141736335794,0.25863113312646474,0.2994634226544222,0.29869223737246164,0.29719793346541173,0.2989935939841204,0.2521828735050711,0.303196427323369,0.32677829680036957,0.2985622823082067,0.2757843795851569,0.2909482580125054
22.47076775797971,0.24595479255545827,0.2757270382448473,0.28879544371094934,0.2881282862161915,0.28797163841347057,0.2518663118087278,0.3053839175679653,0.3031290624742435,0.2812703081229149,0.2618494642749382,0.27900762633897064
22.970118152601483,0.24163583615901452,0.2653901795928784,0.28937512654724956,0.28606319817358533,0.27105885874178853,0.2464800388654144,0.28766085223291227,0.28535415841723294,0.27957792279983024,0.2505420821589583,0.27031382536888643
23.469468547223254,0.23840798659757254,0.26038497868117416,0.2702981980558008,0.2793132683159185,0.25232632974845415,0.21723891610124677,0.27481445769726937,0.27831409192248147,0.27566154540181814,0.24607556157631302,0.25928353340980487
23.968818941845022,0.2320769598988005,0.2453125343337378,0.24931534055989737,0.268563195305005,0.2488035021391964,0.1988824117918727,0.2699889336035503,0.2892978196698387,0.2563937994188462,0.23334964484680829,0.2491984141567553
24.468169336466794,0.22878489203823843,0.23372612110049332,0.23514750927584877,0.2557690482336319,0.24352266758998575,0.20166796381398785,0.25547149681884446,0.28392811585967753,0.23256322680914307,0.20704973472043878,0.23776307762602897
24.967519731088565,0.22410169177099978,0.22543304765305186,0.2310590800553033,0.2383503455035074,0.23037324621388697,0.20235421015824331,0.24701878267071994,0.24896371498392394,0.2276759093499077,0.2004307034754405,0.22757607318349846
25.466870125710336,0.2195296131492413,0.22011969535167006,0.22568233817849673,0.21228549833716534,0.21654167178976924,0.1979093841521881,0.23696889191007064,0.2307015016488011,0.22409846714049203,0.19948493460107253,0.21833219962589673
25.966220520332108,0.21103519855909156,0.20594767462350164,0.2055422572861994,0.209317233186969,0.1962464843933133,0.19641253642127096,0.2302310781088038,0.23506633355972886,0.21178138517674677,0.18343288293480406,0.20850130642504294
26.46557091495388,0.1938482780023163,0.19166976417845366,0.19227372399322087,0.21889765783124554,0.196343945944616,0.19209691027933504,0.22677095431363317,0.22277306135762384,0.19929366019161718,0.16684573893834903,0.20008136950304106
26.96492130957565,0.18081034531753748,0.17774520131161164,0.18384776468820696,0.20471614658393683,0.18941640798810208,0.18410512457420086,0.21925165641780284,0.2153979501676015,0.19205870315731058,0.16676375244334973,0.19141130526496605
27.464271704197422,0.16807568218148106,0.16992520965363153,0.1502111556003247,0.1839895670085634,0.1660220111842123,0.1696407817079952,0.20688803654399898,0.2029188732356613,0.1656110670800053,0.16533729410979017,0.17486196783056637
27.963622098819194,0.15929595819264783,0.16166250331516976,0.14126993454057887,0.18493851580909498,0.16717078319692275,0.16183748403676695,0.19500381835249675,0.187243460077005,0.1503948729431415,0.15512475023141173,0.1663942080695236
28.462972493440965,0.15660180889844671,0.14973408150561207,0.14880934229843573,0.18059203870155366,0.1720565101852955,0.1508862859962581,0.18502912754311815,0.17466657818830586,0.14842695871555026,0.14220949647232853,0.16090122285049047
28.962322888062737,0.15222592608728944,0.14773465391148088,0.14668326290972106,0.17015026162054975,0.16743654195350935,0.14364217622661657,0.1796515732530715,0.1799799303731118,0.1367814827710846,0.1424201717614094,0.15667059808678443
29.461673282684508,0.1526506359541881,0.1502634009190539,0.1422106364947986,0.16372315317895278,0.15532862180044416,0.1354857785506235,0.17331908377176844,0.17566076392261815,0.12581948438862572,0.14497383180071696,0.15194353907817906
29.96102367730628,0.14615603999334217,0.14542516568727168,0.1398632013118182,0.15788927876275466,0.14547150301486977,0.13598949924614467,0.1689602065631481,0.14471263337507956,0.11569535288495116,0.13309687130434308,0.1433259752143723
30.46037407192805,0.1348181522527362,0.13137060651846075,0.12419617659088551,0.14932972160124472,0.14395612294850113,0.12964873161514967,0.15868708009078536,0.13852074717644366,0.1236638206045337,0.123879148539916,0.13580703079386566
30.959724466549822,0.1334899079558832,0.125630832741788,0.12400983368831714,0.13477978421842407,0.12977753275519277,0.13037817039322894,0.15095090816473247,0.13756552293745034,0.12272549206363749,0.10865189293966442,0.1297959877858319
31.459074861171594,0.13011841752272055,0.12131133564135811,0.11942352656993152,0.1277184691588942,0.1151181445234554,0.12884028971521766,0.14080949641293297,0.13047252014530425,0.11082242866570194,0.10149863949765568,0.12261332678531722
31.958425255793365,0.12459886784251113,0.11450403553313543,0.11446330544949389,0.12656544723916333,0.10924066719612305,0.11366155944523038,0.13192570947860222,0.13308994912608427,0.09636206261886009,0.09884164150205395,0.11632532454312576
32.45777565041514,0.11275376205607894,0.11278552181646441,0.11439550277947166,0.10756018191001006,0.10642947352906737,0.08900292359501823,0.1248139729205369,0.1265479531969154,0.08899983792472624,0.08535014044787106,0.10686392701761602
32.95712604503691,0.09854210947300793,0.10369221115479212,0.1058000104857405,0.08940633329833758,0.10342898719322337,0.08964288361110159,0.12813182512884183,0.11531132367643397,0.07470774973480727,0.0816222128146859,0.09902856465709722
33.45647643965868,0.08998195012215549,0.08465559967150872,0.09180677541155036,0.09180757781853155,0.09634424201417015,0.09636704112334361,0.11674899067514884,0.11040564703819873,0.07812135499886469,0.09529963533180953,0.09515388142052818
33.95582683428045,0.09663771670909134,0.08553204376782186,0.07568078158144848,0.09224253292931994,0.08866511905562499,0.09157153308571021,0.10671007760994977,0.10699296542372651,0.06889198644013589,0.1031453512191065,0.09160701078219355
34.45517722890222,0.09114486935944442,0.08451340395321198,0.06884058019361132,0.06701962434855145,0.07321253553846974,0.07816876083117875,0.11609528543536936,0.10102130019332758,0.06510462989521928,0.10292304802236862,0.08480440377707524
34.954527623523994,0.08573875568278207,0.07063138224090362,0.07323197609869106,0.07582136517483454,0.059124420106362825,0.05697389975118465,0.11143430061259682,0.09269859630343928,0.07110903005878182,0.08497313840221161,0.07817368644317882
35.453878018145765,0.08578028083965143,0.06544784822500173,0.0594963008786344,0.08839575360393635,0.060411271109696,0.04535706365760365,0.0942648112313701,0.08582261540096474,0.05063388786084049,0.055902394031785325,0.06915122268394842
35.95322841276754,0.08374784900264559,0.07991527109542032,0.05905017556471555,0.0823337673332678,0.06448056402066221,0.05159481701561784,0.08846179295656464,0.08259120559909801,0.046379888778157186,0.05645619164224639,0.06950115230083956
36.45257880738931,0.068015139726782,0.07739170493788591,0.06537789853155886,0.07273847438661418,0.06191287028471458,0.055559107423518335,0.07646781269751442,0.07690086177770247,0.04876180317425522,0.04534171617798796,0.0648467389118534
36.95192920201108,0.05790121528039125,0.06705561517100059,0.06644534456264306,0.06491096987689697,0.04401270824859499,0.05412465208077804,0.07099621749852013,0.07673735345336141,0.050605951444170044,0.0422335349096859,0.05950235625260425
37.45127959663285,0.05662407097229892,0.0549521862636175,0.04886208846467059,0.07062291765500227,0.036744004928724164,0.03659871407144718,0.06380011329858906,0.06106671368713039,0.05285565523589363,0.05581354025331719,0.05379400048306908
37.95062999125462,0.05372139176615246,0.04535132158411189,0.042724190937453825,0.07097576464816588,0.04578676367895917,0.027958205243322883,0.05323418671781731,0.07122698399703083,0.048415435247795506,0.049838936893043584,0.05092331807138532
38.449980385876394,0.040140226265408196,0.04144020475007051,0.03972700491137098,0.05978672865197651,0.042407652254056384,0.0280764875701682,0.050580484754013944,0.07140591938612727,0.03719634337946133,0.04001853043719247,0.04507795823598458
38.949330780498165,0.03100158903360753,0.043074339073639195,0.04443561113795661,0.059155074684522614,0.02595361132085633,0.0441025567320064,0.049065861943966886,0.05281028661293581,0.04244820110222041,0.03404044382600384,0.04260875754677156
39.44868117511994,0.016304042986413962,0.04666011119612823,0.044803522288678156,0.05277309626509863,0.019494181436024122,0.04691180450262386,0.042964312697935714,0.03806335792847422,0.04854691287315746,0.02585058069116212,0.038237192286569646
39.94803156974171,0.014953009269420586,0.03649462290186083,0.032672801182401005,0.041954408393119605,0.03303522166897217,0.037138876396874666,0.03698165969398059,0.03796987269507927,0.036016506989237765,0.02557964174387721,0.03327966209348237
40.44738196436348,0.031314393829049124,0.026424059929653756,0.01910371739460793,0.0361328717275948,0.04555910533006891,0.026901590453193798,0.018259558581370478,0.03657777504119316,0.03202371536702265,0.03125755481828162,0.030355434247203626
40.94673235898525,0.03906488525545619,0.03621986243633054,0.015819411367026973,0.040784786484971976,0.04172334049267149,0.03366329790906674,0.03144290630205968,0.032759864498241406,0.03830771432683141,0.03468054785696212,0.03444666169296185
41.44608275360702,0.028813629783616075,0.03799555655636357,0.02537899177430478,0.028543940674795848,0.04448458073524774,0.04116728251671816,0.03519518037746446,0.028520537465048297,0.046247445040744344,0.030389949912202504,0.03467370948365058
41.945433148228794,0.026144452828602675,0.028690641994330118,0.0365484689094546,0.02181407931891475,0.04241695707165704,0.046795443709153665,0.022380280289456753,0.012721694933170059,0.026184420672410676,0.012809960690756055,0.02765064004179064
42.444783542850566,0.028763876339539977,0.018979702901854002,0.032998694685222915,0.032839193492018526,0.03581691297941335,0.04415144654975639,0.01453423006933978,0.007886768496765707,0.012933137727027647,0.012970435914721842,0.02418743991556601
42.94413393747234,0.0205469888082617,0.014529749625852977,0.026161264677736572,0.02680758391027267,0.03168149761994271,0.034836617316177224,0.0036245670893465106,0.020910825168091892,0.01841286252104658,0.019072090371970194,0.021658404710869904
43.44348433209411,0.0045297242265269905,0.013626171706065018,0.008307033921789666,0.02669779912842359,0.016244178381485935,0.019861139179592344,0.017246164385809268,0.018165215029069027,0.007771470567716189,0.0062321384865230926,0.01386810350130011
43.94283472671588,0.00619659072384619,0.011611737394893913,0.008904263586188527,0.02045169684292506,0.004888111682529482,0.013675610592860495,0.021523237771055793,0.01526785825846389,0.0069104950062586976,0.01573800953363865,0.012516761139266069
44.44218512133765,0.00899169915077682,0.012376438112474183,0.009127883295155898,0.020768214154830406,0.009070193778586283,0.016305035280436184,0.015063431516651453,0.02646149395605888,0.0038769948489665615,0.018901356521385484,0.014094274061532214
44.94153551595942,0.008911633651441066,0.0036174260908806966,0.016019544711313175,0.022981477623579053,0.0066696369617591225,0.02209228128809154,0.015944716248228505,0.028159113388605807,0.0036144011033569694,0.00812349403173528,0.013613372509899125
45.440885910581194,0.009666597161284665,0.004415477449855827,0.013834550578481356,0.01612577560158555,0.0037485021953316774,0.01923867636591735,0.020229238112750337,0.025350632035414728,0.0037506155498877847,0.009933639608359232,0.012629370465886853
45.940236305202966,0.019525665469387075,0.012280605299143613,0.0067047750032614125,0.01519438110607755,0.016223877030599937,0.015152225508175743,0.01857678754712895,0.01873034307681468,0.0016272419326538222,0.016294465887563128,0.014031036786080591
46.43958669982474,0.015861586341003604,0.0230219924737382,0.00463820029502168,0.015034869031718915,0.015779159402139278,0.012011473665347279,0.019454840938337395,0.02075433101205208,0.013230727919758963,0.0221855139843616,0.0161972695063479
46.93893709444651,0.009403410175535759,0.024452541909880058,0.004041023209326305,0.015972953996858382,0.014186607714910088,0.00872613436000233,0.011630660359007972,0.017672593547379364,0.023520256356618068,0.02260388368631167,0.015221006531583
47.43828748906828,0.009341626123420751,0.015578036374569245,0.008967365527411767,0.011913907493580343,0.015534206084106413,0.0038238087642868852,0.010566783920686329,0.009908945152664671,0.02084801228097267,0.014999898479208988,0.012148259020090807
47.937637883690044,0.012503752463298927,0.014748669953725297,0.009468832512955258,0.008818155549189079,0.012297638083760266,0.014626674092581156,0.006873473088854182,0.01152379680857201,0.019122139150732274,0.014943733986751652,0.012492686569042009
48.436988278311816,0.014322427063429342,0.023838685466744274,0.005111645930344607,0.02136219289753767,0.019161634508186313,0.029574625659745907,0.011754491139630532,0.010557630847084871,0.02220432179953352,0.016950643460179736,0.017483829877241674
48.93633867293359,0.011626242771245781,0.028987662098301253,0.004715101287235268,0.021466874384287026,0.027439496083626513,0.03761607990971459,0.022851847858022908,0.006830409140714324,0.02414623504403979,0.015631528676850828,0.02013114772540383
49.43568906755536,0.00382742905035002,0.021535847258638698,0.006364069854267962,0.010668211447204957,0.018347786816944215,0.030575678583004643,0.024137430033778533,0.017658188694081835,0.018917483373910644,0.01515294981076871,0.01671850749229502
49.93503946217713,0.007246982134002707,0.014111832357958288,0.004553573099302049,0.008158491502604809,0.004530831554087026,0.024229624257090868,0.019069147682996373,0.020798753592618995,0.015289772172265828,0.01007806535724959,0.012806707371017656
50.4343898567989,0.013311547196603678,0.007959937411676842,0.007558022195403131,0.012882878915167838,0.006581853863713602,0.02572433455436945,0.016710304006986903,0.014074813760815298,0.006587447056416055,0.005931412436319105,0.011732255139747188
50.93374025142067,0.010804850485562857,0.005436490428416589,0.0013895486285273062,0.008476301990990396,0.009532822716897373,0.012154755931647849,0.022383857093226756,0.008498171383380137,0.006289669362652857,0.007810756174189686,0.00927772241954918
51.433090646042444,0.0011005405418097697,0.005429459382429588,0.008220303738016884,0.008534629155819142,0.012999471341582039,0.00235572264584883,0.02787413344946118,0.005746509971165156,0.0044028885186218995,0.011544538701123885,0.008820819744587838
51.932441040664216,0.013471221438711344,0.004071153677403899,0.005288895460194486,0.0040961860361437685,0.011667985000793048,0.004007582068336178,0.03275145281825539,0.017431366264574876,0.005167534713958873,0.014122617588586819,0.01120759950669587
52.43179143528599,0.0130979328138945,0.003843788525465826,0.008739105539966967,0.0075223751301524205,0.008655007791886063,0.012166420778017308,0.03227684445752968,0.01840299400926143,0.0065610177652734355,0.010704023669797063,0.012196951048124469
52.93114182990776,0.005728819334549941,0.008102121459110188,0.006667801891985764,0.01611655292493649,0.004841409608266565,0.015818397674669287,0.02235896155387818,0.012193709703772735,0.006928123310901207,0.006832942019767929,0.010558883948183828
53.43049222452953,0.0067731174817849795,0.0024042448071776687,0.0038273234935457976,0.014551080206298299,0.007198400858019532,0.015226873611678307,0.014775604244325339,0.011161779944586468,0.013980928018652427,0.005241893804537824,0.009514124647060664
53.9298426191513,0.00700355743520046,0.0019346357384024079,0.002451889994311638,0.008608872699324106,0.01880612887378475,0.008900656842605156,0.014379159613942908,0.018583632446292853,0.01697195098601266,0.005540188102507503,0.010318067273238444
54.42919301377307,0.01090734351517605,0.008385284395529925,0.0005694059981598777,0.004445843049264587,0.024616318856566517,0.006943738678995766,0.01820217520771217,0.014804625446724094,0.01453907476036227,0.006181450063317875,0.010959525997180912
54.928543408394845,0.011434392620976369,0.00958941360258201,0.009490661670831138,0.006824671929168762,0.020039320259317348,0.010089298343488805,0.014769770753728343,0.0072395529006962995,0.017026974458033632,0.010053101110759959,0.011655715764958269
55.427893803016616,0.01724655981983499,0.008822741922904937,0.008993133959591169,0.013305673506470694,0.020708566016296618,0.029615047680964755,0.008248642279178875,0.01010033774167513,0.017532820023066355,0.018400507361978,0.015297403031196154
55.92724419763839,0.014855274721996622,0.0009311672454055912,0.003971397153423662,0.009270566060837732,0.025424607428143828,0.03171114086403743,0.015254035323569936,0.01140379148708523,0.01585513256221175,0.013440515238828162,0.014211762808553996
56.42659459226016,0.005142939069181396,0.002568718006502367,0.0068837248985446926,0.006386250846915467,0.02517561812373504,0.02180115443016534,0.021758277031294532,0.008803217736166264,0.0036495990078162697,0.01287891523977159,0.011504841439009294
56.92594498688193,0.005853019581879542,0.009888515171932663,0.012340713679720864,0.0056996965009461055,0.023380101351320657,0.010502867339224512,0.02660395620957855,0.001921477537514353,0.004675082486605014,0.006494192186958564,0.010735962204568083
57.4252953815037,0.009026574934853527,0.010524951906885205,0.001328182223919419,0.0047936967718674485,0.01776104307954377,0.004453322627912622,0.02053380590734379,0.009719760648690904,0.0013284098524457089,0.0033524677668869403,0.008282221572034934
57.92464577612547,0.015314095293395141,0.01086567069280953,0.00452709631299492,0.003458969402248764,0.011717242881754599,0.010027057381247787,0.014810903174989868,0.013517947511321595,0.005236522774485156,0.004997174337182569,0.009447267976242993
58.423996170747245,0.02165760508735722,0.0038911577205499705,0.0071322927847154525,0.00765778815519758,0.007388642858980023,0.01668941357867661,0.01690819126221771,0.0093154477292954,0.004187314296448622,0.007462928779905974,0.010229078225334457
58.923346565369016,0.021999175166894796,0.004576774063081719,0.007267175568601576,0.006800442279962895,0.008374986069092366,0.01955129098655782,0.018995204386736592,0.0022815429673828337,0.00646886223064837,0.007173762200618569,0.010348921591957754
59.42269695999079,0.012756507109796597,0.006739285554507844,0.005706492744257734,0.0025234961241970837,0.00938656620525884,0.017910822595311314,0.01936618450345384,0.008674262700047859,0.008693781576992172,0.0016409158845219606,0.009339831499834524
59.92204735461256,0.006950066626009063,0.004774184970386367,0.0014067747661849891,0.0032626338346997065,0.005200743017162416,0.013380998787001393,0.014407917103178418,0.009457240350839185,0.011521333508832242,0.009381190074856284,0.007974308303915005
60.42139774923433,0.009805309132660176,0.00256120390090221,0.0032387453998359,0.0014158086823602976,0.0025782579229045094,0.006524938935184526,0.008765010988454277,0.010834930433891752,0.011831081887037811,0.01161930839507206,0.006917459567830353
60.9207481438561,0.01139061043810968,0.004678674728099615,0.006679597862182168,0.004006550394152366,0.003858390332938939,0.005937129756637647,0.010209275522878251,0.011507976000440354,0.010424327636672674,0.007829780684732442,0.007652231335684413
61.42009853847787,0.010272128492647505,0.007863643977174836,0.011863593033684111,0.0015913688963536746,0.004580869817489155,0.009210087948144619,0.0088861302120045,0.006088449448054939,0.012992684655204204,0.00818686880083371,0.008153582528159124
61.919448933099645,0.012292409497486636,0.012174516512212488,0.008544566837829982,0.00019179983663998172,0.004967925445510093,0.016205647683738656,0.00642594021308002,0.005169759078004613,0.016042772365653782,0.014020523310686902,0.009603586078084314
62.418799327721416,0.006727931339193502,0.01005303505250043,0.00666525340425956,0.004033164765928281,0.006659067533406594,0.01748958944662428,0.005099280091167466,0.008611967585603168,0.014694486571011082,0.015916360982650056,0.009595013677234443
62.91814972234319,0.005954715679040223,0.006453924345431262,0.010388272349324167,0.0064765990719472906,0.00841777931596794,0.016218907561745672,0.0049826735602009654,0.010863254760590363,0.015836568069495436,0.01332340068237161,0.009891609539611494
63.41750011696496,0.006818873536464237,0.006049166466516212,0.010581578640004745,0.008483329313406958,0.004109726415030761,0.009892365008359069,0.0014027229689372249,0.008517440491088171,0.011059701888589249,0.004706855856983904,0.007162176058538053
63.91685051158673,0.007234155848910554,0.01080739218092605,0.008092460096590991,0.007062464366610341,0.004983371638954955,0.008824946673567029,0.0030919013197256394,0.009060057500089124,0.007562236149943079,0.011184041098502398,0.007790302687382016
64.4162009062085,0.011259906971470281,0.011258368672659074,0.009104053353669416,0.010103286977831968,0.00575549475357398,0.008003115482333284,0.003119156122249407,0.007697145860655689,0.006987475441508856,0.012855544755123086,0.008614354839107503
64.91555130083027,0.01131009582878254,0.00873118680486459,0.005858119111280103,0.010540956413731333,0.008471697433303468,0.004442150027821823,0.00104335251913479,0.01217712975514718,0.0012202505678744447,0.005627128841326084,0.006942206730326636
65.41490169545204,0.01369104372072862,0.008011624412489154,0.0029835294306794647,0.011169460624853638,0.009743877640937726,0.0024635046304630386,0.00328368170567748,0.013762429338926989,0.0014572166327732079,0.006995393059785901,0.007356176119731522
65.91425209007382,0.00966559708127293,0.005073804071957153,0.0008175195198642342,0.005004693542202998,0.009913226690131626,0.00488059654965589,0.008609691588729903,0.010140327416736308,0.0055051960179720374,0.009250544853223144,0.006886119733174623
66.41360248469559,0.0074034607735439925,0.006381363285323895,0.00863179289413743,0.009966775306911977,0.009556860917593855,0.004770829391929187,0.012675804789004975,0.004688526696943077,0.00625342886401822,0.008262232733226436,0.007859107565263304
66.91295287931736,0.011106592086201449,0.007502648125277221,0.010467738903664772,0.012691532509999345,0.004612641294071064,0.004668695289909872,0.009582143206670253,0.0013146696578655046,0.009204344130830842,0.006205134239085685,0.007735613944357601
67.41230327393913,0.006280762968524501,0.008632401631915775,0.011443477225335742,0.011346560838976977,0.002953012350572755,0.0020038969696062983,0.007199093978407372,0.0033055048080990906,0.011477092683761538,0.004903789518241566,0.0069545592973441605
67.9116536685609,0.0033905465813191225,0.009711791589881827,0.011074740470811967,0.011195721234481117,0.0029897782559961204,0.005174982975512439,0.009182461473018252,0.0038702107418941622,0.013116239403532005,0.0027504645821775,0.00724569373086245
68.41100406318267,0.0059495932508181375,0.011060047513473364,0.009375572980384899,0.008321710800058862,0.0029022969894229034,0.009324299194090878,0.008732697762990252,0.003560268677386421,0.011994627880380679,0.0024012329079989027,0.00736223479570053
68.91035445780444,0.005737295151548911,0.012853534842900765,0.006084549117075585,0.007758025224250376,0.004416254681411681,0.012645672445603705,0.004820549994171564,0.003374706352281682,0.012587131096260664,0.0040662718761764576,0.007434399078168138
69.40970485242622,0.011966332124009224,0.011308198179668421,0.0038627443456634297,0.004524727701437045,0.004361150864620695,0.013512842474333778,0.0011992386596396286,0.0025377579863958225,0.0097515866871799,0.007874386870838522,0.007089896589378647
69.90905524704799,0.009022670512855938,0.007199724223895053,0.005001645745738283,0.004852008590322207,0.0034076066860655742,0.012979671615716318,0.0018118342518621123,0.0031676278500931084,0.005099341238470048,0.0069334392932763065,0.0059475570008294945
70.40840564166976,0.0006287582984775157,0.004770745263154642,0.0034137453227177255,0.003627964827491431,0.0005546316213088704,0.007639914582738564,0.005440183495886468,0.006579546683087993,0.0011013167200153407,0.004673028436562646,0.0038429835251441195
70.90775603629153,0.003373281714495004,0.003930068991961002,0.0028048177448271924,0.003358180400909563,0.0017493091822721684,0.001182935107379777,0.005158252556723772,0.009761966964389383,0.0014612593062565988,0.005717613009483087,0.0038497684978697545
71.4071064309133,0.006267651406200562,0.0052331814499478714,0.002409135850375694,0.00208475753293633,0.0031894273809688206,0.0017479243211811087,0.004281162065155969,0.008026291445757608,0.0019493503979854023,0.005121281061221736,0.00403101629117311
71.90645682553507,0.006432860166566853,0.006791433176156972,0.0036920604169215225,0.002012465895006659,0.0030401164679729887,0.004781630496646792,0.0037233925866515727,0.00584894258757788,0.001842964753790852,0.004035144646592691,0.004220101119388479
72.40580722015685,0.007029646652527936,0.007467986149227409,0.0027252610771286725,0.005809754654772129,0.002450737520876509,0.0058704344716510835,0.0013911024531737676,0.0070301049742949135,0.0012324770540816463,0.004239634706186614,0.004524713971392068
72.90515761477862,0.008341915599843427,0.005706499966613068,0.003980172676629283,0.003518835303245414,0.004169296551938395,0.005984109652309114,0.003958077708369642,0.005956509844755448,0.0019974990445170504,0.006784792291349464,0.00503977086395703
73.40450800940039,0.007647503872609082,0.007047166952561127,0.0040518661933237506,0.002854892653076884,0.005937746968174826,0.005675760978297893,0.005690112394254857,0.0062868148703666025,0.005000536947930626,0.005144829146695636,0.0055337230977291285
73.90385840402216,0.006855457673271465,0.0072561482235355655,0.006055073798534041,0.0024812215583754657,0.0052335169383852685,0.005135045462637867,0.005213025333330044,0.003509551052512636,0.005926229506611864,0.003029406511979158,0.0050694676059173365
74.40320879864393,0.007732163231416195,0.0068711783514665776,0.005508836720192203,0.003591731455165005,0.004997690100055978,0.006206891301367233,0.001374878495528122,0.002243203173324854,0.007984501614241895,0.0009497555363564732,0.0047460829979114535
74.9025591932657,0.004922279312472657,0.008272955879482366,0.005703157654529385,0.0007699176828393048,0.0045511357809434995,0.003151773891147711,0.001431137275667857,0.0034649811473042224,0.006952664244635763,0.0030292003280544912,0.004224920319707725
75.40190958788747,0.0017167323630406864,0.007851978041715488,0.00557297289330678,0.001809545253686475,0.004846176335002239,0.0032405470467087726,0.002826729144622428,0.001534198839523091,0.007145834732747471,0.004565215469876272,0.004110993012022971
75.90125998250925,0.0013268195574542515,0.006080557300523299,0.0016782434425235207,0.0027001812655491363,0.003703911862436411,0.008807903706223802,0.00530458925590025,0.0015596308260192864,0.007354418804581516,0.004647487815898906,0.004316374383711038
76.40061037713102,0.0024436856427531295,0.007199824637879416,0.0014812280820315248,0.0012801988686747326,0.0020879958718288704,0.011637473621743381,0.005153253618790756,0.0024109420813881394,0.0050323828062221795,0.0030106088736694533,0.004173759410498159
76.89996077175279,0.002020544657493112,0.008686305518449679,0.0018627032794475034,0.0005163984905006476,0.0018377468232828476,0.008220036323918295,0.0019216236209590196,0.002708820751575434,0.0036095541162585137,0.0027430261963846494,0.0034126759778269704
77.39931116637456,0.0027416728557599222,0.005350127358742559,0.0007533506220315455,0.0017464270700594236,0.001721527874449185,0.004311178857925393,0.0020541862046647313,0.0008963304120711318,0.003205354539425518,0.004447066042656542,0.002722722183778595
77.89866156099633,0.0032933807185424433,0.0027019689471492418,0.0008308245017999913,0.0007606620434687074,0.0010832265310539463,0.0021986033064877275,0.0033914772431301197,0.004289070580127533,0.0020608085293555714,0.00546953451336773,0.002607955691448301
78.3980119556181,0.002005201460957355,0.0022149895242552452,0.00048133117965229433,0.000616218253983945,0.0005408277048650878,0.0018707174817733099,0.0029880391759363723,0.002789666429997977,0.0030022758974396564,0.0043187102352735506,0.0020827977344134796
78.89736235023987,0.002143438257779727,0.003434696619464713,0.0010551655217996578,0.0037747965995080846,0.000740815628401295,0.0049903694727307475,0.004521937999075601,0.0024202967805012636,0.0009232550328778964,0.004065900157078025,0.002807067206921701
79.39671274486165,0.005606258277138365,0.0034526532857175394,0.0012727547533615505,0.005557726991180047,0.0029601238878993897,0.007680421688154865,0.005506673878288615,0.0019101299969731577,0.00016242043138956356,0.006053588580309629,0.004016275177041273
79.89606313948342,0.007121763858162414,0.0041888758385634365,0.00027217508820209086,0.0033801773804132715,0.0023956971425240616,0.006139917890673605,0.0017771823849276763,0.003424910405834242,0.0008110728469834247,0.006404159463452869,0.0035915932299737095
80.39541353410519,0.00690926626972033,0.003819163483396115,0.00018720569530674585,0.0012126601883575738,0.0019323064428055626,0.0019428019189521356,0.001531927796908246,0.004808968752041479,0.0028484114517683605,0.004528935031813404,0.002972164703106995
80.89476392872696,0.004095288778976012,0.004393605752574679,0.0014143093505270593,0.002138614914614438,0.002368633950678404,0.0017497680558464651,0.0024000666255960643,0.0037842295317578904,0.0034772920217883917,0.004029771409669278,0.0029851580392028683
81.39411432334873,0.0031751430714365785,0.003581144218398742,0.0006688430787204387,0.002793041160463334,0.004011392497991731,0.002474553535607257,0.002582147666053008,0.001711868581352133,0.004167512895999678,0.006130774211781337,0.0031296420917804233
81.8934647179705,0.003888457157918444,0.004024759947944745,0.0011636461848771825,0.0021204013729602756,0.00528783926736242,0.0014957969482641848,0.0022724325112743232,0.0025558470431665645,0.0027933011532313115,0.006098123498797003,0.003170060508579645
82.39281511259227,0.001894363042275948,0.0019209713844215834,0.003833078770660225,0.0023573740912905734,0.003781751365234901,0.0018139312751590845,0.003371288465805498,0.0033913708156452682,0.0009509328450511425,0.005141629873897735,0.002845669192944196
82.89216550721405,0.0028456947456299876,0.001224400215498449,0.004349110959544394,0.00366128511822032,0.003676657126848554,0.005812418024593594,0.003927684435745433,0.002371366858072409,0.0022686346022438883,0.004361564419186372,0.0034498816505583404
83.39151590183582,0.003833303756011179,0.0025206666207351477,0.0012927034757504292,0.0034554550650810183,0.003233132986455439,0.008210889276994697,0.004116796855565163,0.0012174067719002396,0.0031282814674648395,0.003190037146940442,0.003419867342289859
83.89086629645759,0.0024346603499243507,0.0018551723516727545,0.0006611073817945959,0.0029899605939728005,0.0010637432784032564,0.006315117894479994,0.0029433152841864285,0.0022379541705191378,0.0006554589057215833,0.0015482757010081803,0.0022704765911683083
84.39021669107936,0.0017599148366299938,0.0022374278760009837,0.002114969231674754,0.002800875463928117,0.0017714089654831922,0.0023471111444308447,0.0009888446582830101,0.0030632675043570936,0.0018727991446823823,0.001742794686406298,0.002069941351187667
84.88956708570113,0.0017660898980035543,0.001372131255412913,0.002939838874745244,0.005127581377006045,0.002234157384431635,0.00037586666908319524,0.000692449385012503,0.0018014136353204006,0.002526110105455465,0.001970405463784697,0.0020806044048255652
85.3889174803229,0.0024535410658367072,0.0029868913587744552,0.0022897486805699575,0.004108598686067059,0.0023421403065475937,0.002042793882411732,0.001764349981228862,0.0013465751549354367,0.004979835955281376,0.0013433465615978002,0.002565782163325098
85.88826787494467,0.0019257746526284063,0.0037393041616641835,0.0029265395458548727,0.0019506048803642638,0.0018359641350822957,0.00327293196953634,0.002734826527597768,0.000845800093230896,0.005740405944988108,0.0007199901949340087,0.002569214210588114
86.38761826956645,0.0005638315265595806,0.00064488727024452,0.0014951233809439625,0.0011418309653292665,0.0014508215713321876,0.003684162014732049,0.0017931303217780436,0.002445441531341277,0.00426313600787348,0.003377846317827007,0.0020860210907961375
86.88696866418822,0.001614777966617382,0.0019430329694437966,0.0013527287143680778,0.0024274545130280748,0.0022021452929693102,0.004588750683020381,0.0005106732474575772,0.0024765751584285107,0.004432692460397924,0.005213615694974767,0.00267624467007058
87.38631905880999,0.0015600078156507234,0.003764491052224499,0.003536779506427652,0.0029588912949132457,0.0012821123535336704,0.004207633990921821,0.0005354953456594768,0.0012271835501305,0.003221490658897523,0.003671433193026363,0.002596551876138547
87.88566945343176,0.002443083563471986,0.003477015923446292,0.0029485241702953717,0.002595991808109256,0.002817009070652841,0.0028052294621063924,0.0011519603564030887,0.0018212608244850778,0.0011093487101154014,0.0014970844331518042,0.002266650832223751
88.38501984805353,0.0008485754200900469,0.0019719649927661476,0.0018631817954548847,0.0013413051141321934,0.0056745416762336645,0.0018174342933152158,0.0012796220022341584,0.0021011913993700597,0.0011675812654852711,0.002966371854857117,0.002103176981393876
88.8843702426753,0.0008144750789061361,0.0025428615727838767,0.002683193544756016,0.0017345228789739883,0.006096862740157705,0.003667322113252469,0.0007688817684585701,0.002228810473231732,0.0016984738024198606,0.004345988753174949,0.0026581392726115305
89.38372063729707,0.0026183841446171057,0.00267759068570489,0.003595026183228359,0.0021246559820378382,0.004940480345819948,0.00422453322373331,0.0019584799291011003,0.001088193727879785,0.0037123151068145744,0.005170947375800956,0.0032110606704737867
89.88307103191885,0.0026358960746181237,0.0028784170398266544,0.0024143861944687047,0.0022104480712222866,0.004198858105988261,0.00458168207950596,0.001573041483661624,0.0015248210153864994,0.0054467063421117234,0.004215596913011282,0.0031679853319801126
90.38242142654062,0.0023643784808023084,0.002135976683542646,0.0019351202648618334,0.00021536349839739317,0.005024646134596857,0.003408653027132876,0.00192195857320667,0.0024046316428367217,0.004308001264783819,0.0016392860243340853,0.0025358015594495213
90.88177182116239,0.0029353115452053803,0.0008968457413209681,0.002135106725458057,0.0007708184398074313,0.004077417078711469,0.0017583797578644114,0.0019535699815697734,0.0033961493655160924,0.0012748633869860743,0.00080358069298605,0.0020002042715425703
91.38112221578416,0.0015263623882071694,0.0005227113010842643,0.00036578136838722445,0.0017035751528380223,0.0037703213543249185,0.0024774128644230015,0.000876516325624201,0.00411764279597852,0.0007847385231641513,0.001608972833483497,0.0017754034907514972
91.88047261040593,0.00029807015797759736,0.0011394911639986236,0.0013199308825755094,0.00033912331288162885,0.004736789877841961,0.00346876646371071,0.0011347378897188117,0.004879817575577219,0.0008802832185379284,0.000508123090571704,0.0018705133633391698
92.3798230050277,0.0020643867976326276,0.0008868047282635007,0.0021799871761104647,0.002125619042250106,0.004571786948944249,0.004563098206996876,0.0005766302525129801,0.00511307805867763,0.001884565007507211,0.0008989066114801085,0.002486486283037575
92.87917339964947,0.002154760231090288,0.0004169507285894716,0.001230129459868867,0.003572844206551008,0.0019664622689267927,0.006546964385002947,0.001500816095737871,0.0027679562060640467,0.0033158065398379705,0.0016259326221894513,0.0025098622743858715
93.37852379427125,0.0022595002107128133,0.0011436140818901078,0.0025308057980365,0.004183489597675725,0.0013798016146115161,0.00762734821291473,0.001402586316592759,0.0017029291277390972,0.0030730734871228654,0.0005345724390840201,0.002583772088638013
93.87787418889302,0.0025648641247283973,0.0004058103802323931,0.0013963489597851233,0.004149177955861284,0.0037364627429827763,0.006830696908512093,0.0025807836128562685,0.0027297593144124336,0.0030565357203327587,0.0017082845171089978,0.0029158724236812523
94.37722458351479,0.003692552355677916,0.0014623271561120448,0.0011183338119816818,0.0034754818576072234,0.0034428794183144398,0.006304380256278188,0.0036497578596080237,0.001167682267937102,0.002055729290709168,0.0020200968849588947,0.0028389221159184678
94.87657497813656,0.002482994294592784,0.0003146883259631462,0.0020720698277121082,0.0030225776567176267,0.0028028018301471834,0.003969839784869837,0.0029115560213543753,0.0018948044183419014,0.0011647934971766565,0.002113381187433495,0.0022749506844309117
95.37592537275833,0.0004439970922550562,0.002331996260915962,0.0015425254963023626,0.0037207639007144303,0.004209463876127341,0.0012092039043757083,0.0022786047917855413,0.004372515038837292,0.0010270993553577268,0.0016687169567623894,0.002280488667343381
95.87527576738009,0.0015817618694976335,0.004331275416404044,0.0007269149439152617,0.004597650212491012,0.005900713534827551,0.0040617259223285265,0.003399897255708455,0.002472903010950852,0.0033966854725233425,0.0011696630559343076,0.003163919069458099
96.37462616200186,0.0002460815301535965,0.005571137181681274,0.001779582860647571,0.004374236437489974,0.005035920068912383,0.006024627111814254,0.002707103488119557,0.0015004069160408275,0.0038451544455792466,0.0004580843022825583,0.0031542334342721245
96.87397655662363,0.0006260497386341375,0.005398942714861301,0.0023179451748235984,0.0033900368745634238,0.005392830215207296,0.005822791236411296,0.0005974036864995352,0.0029939325877115855,0.004820580985209052,0.0023729350984423307,0.0033733448312363553
97.3733269512454,0.0025709026449322473,0.005926554501516265,0.0021072978047480453,0.0026294343520765814,0.0056776993656949505,0.005615693038312927,0.0009202777576422747,0.0034842950445025766,0.004021654586539725,0.004022477513206951,0.003697628660917255
97.87267734586717,0.006168110380255219,0.0055431342151027775,0.0018855465441215405,0.005342754664968947,0.002785624977954063,0.0030539498020605836,0.0025614078227692728,0.004788572324280324,0.0017061120402875776,0.00430353946462174,0.003813875223642204
98.37202774048895,0.0067728332618519635,0.0037183623730148883,0.004351855723934593,0.004659634396254178,0.0013160898557804189,0.0009413558286189074,0.002990693265040504,0.00628945042025896,0.004089120842507834,0.0025556786218638807,0.0037685074589126123
98.87137813511072,0.005336706979099805,0.002031588806698525,0.00671928748476354,0.005833474124321783,0.0020165993773311307,0.0030809360428758464,0.004069163918571704,0.006186835369461713,0.0046933824598651775,0.0028886259128744576,0.004285660047586368
99.37072852973249,0.006144037135762257,0.002597862412261612,0.007188544673813231,0.004757197498258009,0.0026424142466776766,0.004883019324180524,0.005923693421835245,0.006268170761222706,0.00592110374298344,0.004711175741482491,0.005103721895847719
99.87007892435426,0.006896505637964497,0.0024681445410762006,0.00635493215614801,0.0022335542597498904,0.005192802994589534,0.004133511826150421,0.008203933253076912,0.005972541065204538,0.006557076297480869,0.002541673298153884,0.005055467532959476
100.36942931897603,0.006597016351819615,0.0037091654902542573,0.0056399379648068675,0.006581945407011895,0.00753734887596013,0.004470934400074614,0.008813541999602726,0.007069835449043349,0.004536459586697532,0.0031893029183529516,0.0058145488443623935
100.8687797135978,0.005415593703226945,0.004004147865701637,0.004261159474869172,0.007557286493588964,0.006677078582033534,0.00389667441543923,0.008648323733345786,0.006155867463818443,0.0031405541914724705,0.006306272729823229,0.005606295865331941
101.36813010821957,0.002265679803673295,0.0035006905567597797,0.004824072544730868,0.007667939696411241,0.005393261410562978,0.003820225321717269,0.009545486542425579,0.006726694300679469,0.0019834064029987247,0.006075367004028756,0.005180282358398796
101.86748050284135,0.002833385304994248,0.0033603441508564293,0.004980962955227321,0.009393277931855376,0.0036296653614020058,0.004105975477009342,0.008374762949169565,0.006315406427202848,0.0033005587383556573,0.0029987302308345865,0.0049293069526907375
102.36683089746312,0.005363802949153186,0.005062973385508285,0.004916982622623427,0.00869307005410762,0.002194268696519097,0.0054897393678893,0.0067306689288204125,0.0036210117796967017,0.004855425419798266,0.0028403107806082043,0.004976825398472449
102.86618129208489,0.005553621207100328,0.00584687426071336,0.0037701719350440215,0.009036624474310317,0.0044585311631475735,0.005899141183863985,0.005795365228576314,0.0052756618788530754,0.004427271619064861,0.0040340136511751315,0.005409727660184896
103.36553168670666,0.006083475910173502,0.004495865834575318,0.0027450293129927545,0.007213817495979189,0.007552751553800373,0.006738092751959025,0.004729741116196294,0.006948856753663729,0.006358450331992476,0.0047451066820301206,0.005761118774336278
103.86488208132843,0.0077365363582985675,0.007016490508058546,0.0054546460665371105,0.005981681945600021,0.009079839397474606,0.004596365464579217,0.003930354957308522,0.00767768709995664,0.005858579231866768,0.007450745606521534,0.006478292663620153
104.3642324759502,0.010657238488945644,0.011068426775488608,0.007696030476141752,0.005723097262252309,0.009367050654592281,0.00489961992851933,0.004380929173500904,0.007997868845161982,0.002344231434021664,0.008428005115255975,0.007256249815388044
104.86358287057197,0.010329697341880743,0.010339562394182291,0.008750971369461654,0.006191675188079222,0.00727206106948302,0.008071897764030351,0.0065069396448729205,0.008507887697025908,0.004940208845828992,0.006898790760598414,0.007780969207544351
105.36293326519375,0.008071807363642268,0.007721017525788069,0.007957597500098196,0.004179391259473696,0.007809482261900908,0.009989679346485786,0.008398847947263867,0.007366459960161341,0.00573568488794488,0.003185128435461046,0.007041509648822006
105.86228365981552,0.006214010172852188,0.007573066933511227,0.005447538183561868,0.006291361412039076,0.009367041867698456,0.008931992734946522,0.010147639118801075,0.006836548672290198,0.005659580060920469,0.005363175889095521,0.00718319550457166
106.36163405443729,0.00610182107680798,0.007915407247037404,0.005019913459425216,0.006619537667976312,0.007634828342685036,0.00687073743323857,0.011555545713503975,0.007191226679592667,0.005977229173056713,0.006558165153385406,0.007144441194670928
106.86098444905906,0.004820086048287587,0.006745192094779123,0.005174420505087512,0.003517717938156936,0.0059590368067350356,0.00477091869422886,0.010809756638531702,0.007223377037766733,0.0052483950229286844,0.0065211449419895155,0.006079004572849168
107.36033484368083,0.002613932468269645,0.006855161866802362,0.00681792161295573,0.0038869418395138964,0.004851891247389759,0.005027785272805362,0.009580371139838636,0.008886227006027304,0.005508557409877931,0.00754978653177415,0.006157857639525478
107.8596852383026,0.004535124103745973,0.006394177430857379,0.006751924882153857,0.004444789414580941,0.0038249582782069677,0.005432483794720083,0.01022395863180015,0.008534352675069697,0.006319155423812944,0.0056551433866739815,0.0062116068021621975
108.35903563292437,0.0061034578986216255,0.006426646310222339,0.005613394238972029,0.0052190006667206515,0.004904091045446669,0.006946808057313702,0.009586202151596362,0.005493400695856468,0.0069393209085884715,0.0023479436933326546,0.005958026566667098
108.85838602754615,0.005101071448014542,0.005736673524710862,0.0033000989077773186,0.007019741610466931,0.006923915861680673,0.008172397339717457,0.00788141032450069,0.004785549631583994,0.005791504385088024,0.0044833375817811905,0.005919570061532168
109.35773642216792,0.005369432276726148,0.004524450765530745,0.005910167891098041,0.007586628489324219,0.00639717831396829,0.008417848063156262,0.007046066944998747,0.007167587973946079,0.005578098623810096,0.0052891519487474675,0.00632866112913061
109.85708681678969,0.005869295956962371,0.0043922812328293,0.006934370789842258,0.008199578221018569,0.005444895199334987,0.006621329373842078,0.0022697191001026717,0.006140115181048392,0.004696079207497165,0.004861740485458526,0.005542940474793632
110.35643721141146,0.00589555246467416,0.004211020036552687,0.0070236723343715685,0.007237053119581247,0.0037866088949839952,0.0033802252638276842,0.0015818611556000799,0.005166257687222387,0.002161077761183183,0.004969357514618229,0.0045412686232615225
110.85578760603323,0.006247055507664,0.0023462250672908113,0.004161454673021716,0.006162939877820222,0.002494584275590841,0.0040356504951306535,0.004154966497784678,0.004599621724962047,0.0032089568850101184,0.004078275126851439,0.004148973013112653
111.355138000655,0.006822884138685658,0.002579820431536738,0.0032563659565341776,0.005930265220553021,0.00261373163304571,0.008128508168281255,0.006406456488525335,0.00449474447383637,0.0072220077866951065,0.0035595816398854532,0.005101436593757882
111.85448839527677,0.006109455074872794,0.002986241893252914,0.003996790858540652,0.006421103767364298,0.004964749241997827,0.008235540440349114,0.0069337999842327925,0.0028641168990408625,0.005742202780430567,0.004588207278722629,0.005284220821880445
112.35383878989855,0.005290860469285717,0.0040912911680920094,0.003444800903465244,0.006012108423763803,0.00549005024842694,0.005959675728749771,0.005998223071201531,0.004397683458860401,0.0026460580015042036,0.005240917057783728,0.004857166853113335
112.85318918452032,0.004523501527922712,0.004365847345890978,0.0040914251897720575,0.005017750883088162,0.004437742998039877,0.003051082159611334,0.005066161110348893,0.003970039261449074,0.0027365273359126843,0.007121658896391106,0.004438173670842688
113.35253957914209,0.003669141588421582,0.003100508471624017,0.005137332032419698,0.0050467583320348815,0.004880343367416568,0.0036085341516479508,0.0063768492931506136,0.0043412437772563,0.003576716136153483,0.006613616465519337,0.0046351043615644434
113.85188997376386,0.001777087259404832,0.003230255988383952,0.00422660738452083,0.004098268694314579,0.005152334155985864,0.0043840881883723745,0.006442810900776188,0.004806992196653257,0.003873285440069992,0.004096285913740489,0.004208801612222236
114.35124036838563,0.0008305561964488096,0.0032013876272878293,0.002969345189768848,0.002146191904633558,0.003482319046708783,0.004505696821985272,0.005788185431686551,0.003997745345103161,0.0032753830533444727,0.0012419124143418802,0.003143872303130916
114.8505907630074,0.0014956008382497013,0.002661374489144357,0.0029229409396848015,0.0024157786862679088,0.0031853539230092803,0.0027720897668988996,0.004298506228213291,0.004158295280000679,0.00521168421470833,0.0013794474018018375,0.0030501071767979086
115.34994115762917,0.002041910479122526,0.004562120157890246,0.0037537790957777755,0.0006692449110467566,0.0023845028197347407,0.0025949336587560235,0.003794517373851191,0.0033338447782562193,0.006097504212967136,0.0017965708900317034,0.003102892837743432
115.84929155225095,0.002260828785833319,0.005337102150471335,0.004255389925645493,0.001507134983837246,0.002362733138983703,0.002342761324294102,0.00287633582273804,0.0021741841897740294,0.004450705628250752,0.0016822354410780415,0.0029249411390906066
116.34864194687272,0.0021991682779046945,0.005158330360802534,0.003844783944877295,0.0012320602824375784,0.002024005061082195,0.0019361245800362408,0.0030006670265015287,0.004142151144921617,0.0015236260516456625,0.0024566248828402806,0.002751754161304963
116.84799234149449,0.002300425514011288,0.003705429010154477,0.0027951055481754794,0.0028652390015254897,0.001873459566788802,0.0005844581019302999,0.00228709506947915,0.005281355423573682,0.0002065714333917608,0.0028899752240487274,0.002478911389307915
117.34734273611626,0.004420939840426178,0.002313260996722831,0.0020627139577203907,0.003422373691464758,0.002880886842543319,0.0007204597761169047,0.003544442034379122,0.0052616453432572955,0.0011063062689348133,0.0019099151239593847,0.0027642943875525
117.84669313073803,0.00479149163874271,0.000948095250505072,0.001700814824023931,0.002270713351358516,0.0025119976301358395,0.0018100355315015684,0.003817389729132612,0.0037062174303186188,0.002737740616575423,0.0025880608325521384,0.0026882556834846427
118.3460435253598,0.0028814317008330433,0.0001766779956912182,0.0020864357118415677,0.0006013671013952209,0.0007431737905796851,0.0022755699169329908,0.0033339758257935406,0.0028433872011357757,0.0023180627753896644,0.0033788160901617984,0.00206388981097545
118.84539391998157,0.0019425994097830076,0.001227562891957442,0.0018948251928484737,0.000754192825619908,0.0012319512453402533,0.0011755311082302076,0.002181418330759989,0.0019128497738592392,0.0003683314643499194,0.00163960530775308,0.001432886755050152
119.34474431460335,0.0017362190777429423,0.0018119007962309256,0.0013673325119165894,0.000620303958471278,0.0030835679413380003,0.0007661419566157278,0.0028155898826888698,0.001860523088947916,0.0009594146981179244,0.001858419526001973,0.0016879413438072148
119.84409470922512,0.0011704145429355264,0.0018750138871631602,0.0008407528152615213,0.002189272162259551,0.0032601353560617547,0.000981135382712114,0.0038376374119735096,0.0014323722709505859,0.0010291295211453302,0.0034315264809059013,0.002004738983136895
120.34344510384689,0.0006287680020065212,0.0017535996663261687,0.0005994572548578032,0.003056666352721883,0.0024917432340716074,0.001048939481480295,0.0037402921892134154,0.000672711235795443,0.0014597289261307584,0.002239835513364277,0.001769174185596817
120.84279549846866,0.0019281489287194995,0.0013528663703865071,0.0003390433108781703,0.00223753397032281,0.001241992165485848,0.0006136944467737569,0.002095774251456383,0.0004632209338178776,0.0013752158484045237,0.001157719592839506,0.0012805209819084884
121.34214589309043,0.0023368010629160486,0.002268483183579754,0.0005753597661934574,0.001625665810825138,0.000894623655326289,0.0015302840121646788,0.0011875063326351218,0.0012500077242123837,0.0014556772486405798,0.0017071807875768212,0.001483158958407027
121.8414962877122,0.0024023328871574413,0.0018658124164133009,0.0012091265283480045,0.0011183510856680142,0.0009542243681357594,0.0018168737112389116,0.0016863853585856864,0.0018740598751384857,0.002156558814643994,0.001001796109603281,0.0016085521154932877
122.34084668233398,0.001736777465618558,0.0010924167230239932,0.0012206135049391967,0.000892775383150307,0.0015461772110911714,0.003113210156253319,0.0017093391641387764,0.0016354531559241725,0.002312823869126608,0.0013458948877986172,0.0016605481521064721
122.84019707695575,0.0008519801133193898,0.0008163185991902726,0.0009935706591305297,6.0670192283197353e-05,0.001291378423736975,0.00412828252864924,0.0019509761359304098,0.0008856659442033432,0.0014234419930400648,0.0009121822026201629,0.0013314466792103585
123.33954747157752,0.0008432076377098281,0.001784733612452729,0.0017748597285336522,0.0010722800377351517,0.0019361585542678392,0.0037575214587287167,0.0021267822412573026,0.0010469253661096129,0.0010090712373055342,0.0008015935010390576,0.0016153133375139427
123.83889786619929,0.0011071135294786329,0.0019893060867545967,0.0018789178912736598,0.0005691381842396778,0.0019197611868622844,0.002540219859802346,0.0023608304140223624,0.001412353096354733,0.0003041431451603028,0.00044606622001762137,0.0014527849613966218
124.33824826082106,0.0011024135520488702,0.000976693256843249,0.0023677777932009612,0.0005917044456361312,0.0022801615994569395,0.0016508485074551568,0.002716741161799349,0.0011451017511199322,0.0005740668549194136,0.000870526700312792,0.0014276035622792795
124.83759865544283,0.0016925557551616662,0.0006934034249228582,0.002210349199471428,0.0015125622461420482,0.0029391717557322493,0.0020844185458246812,0.0035319018712894968,0.0010552821241857104,0.00231557331470117,0.00039125639053077627,0.0018426474627962087
125.3369490500646,0.0013068455327946336,0.0005274190490766516,0.0014215752375271251,0.002178092720645302,0.002111383603020465,0.002947554020517968,0.0028107734151268642,0.0005472963625003155,0.0024244082082846914,0.00030500772866700145,0.0016580355878161018
125.83629944468638,0.0005737780451197296,0.0008519171382421838,0.0016764893591750781,0.0025393088768938515,0.0004578886413422658,0.0033066763000748345,0.0017280453004256545,0.0009495355471091305,0.0018065866052901739,0.0011536784623545622,0.0015043904276027466
126.33564983930815,0.0017015002874763143,0.0007244912257506534,0.0010414211886814826,0.0010623044742889345,0.0007628440443819638,0.0018366515539168656,0.0003824638235822741,0.0010775873485023343,0.001167324979898359,0.0019207777164153234,0.0011677366642894504
126.83500023392992,0.0012674305409403144,0.0013590090053546757,0.000701455811166605,0.0005445685284644965,0.0010917964214051926,0.0008339788780955317,0.0016027245976366078,0.001893375054509005,0.0008995339569102895,0.0010984306234966975,0.0011292303417979417
127.33435062855169,0.0012133397493231694,0.0012998097038061272,0.0012410382000122761,0.0013910499639827058,0.0007302433210215252,0.0008491029702266405,0.0024069072175538727,0.0023077506034029174,0.0003365449215189694,0.0010959933773714424,0.0012871780028219646
127.83370102317346,0.0014054664351955432,0.0010973546992335752,0.0011292266608270772,0.0010724611444978642,0.0004540762384157996,0.0027376113721697343,0.0030489653064104715,0.002113041279547751,0.0007509176362779013,0.002792340094515493,0.001660146086709121
128.33305141779522,0.0011577858189185301,0.0007287215121647045,0.0019276615544226807,0.0006801027809389078,0.000538402170034285,0.00278446413589018,0.0029039210375452645,0.0014351444547518622,0.0008976418772892368,0.0032802026336986806,0.0016334047975654332
128.832401812417,0.0004484676998484833,0.00017861330759423542,0.0015026201755725264,0.0005260969870105646,0.0016088449807800218,0.0024854080344286268,0.002267650616590413,0.0006923450664488187,0.0011867054654526557,0.003025460755650288,0.0013922213089376631
129.33175220703876,0.0013397687492363182,0.0006282790323870528,0.0009606992111808438,0.001047386204253767,0.00224796407400217,0.0015877845442005924,0.001461235582579966,0.0004791087497675725,0.0025224962221639113,0.0015705177963499537,0.0013845240166122151
129.83110260166055,0.001129709744066586,0.0011021637198869174,0.0007396635676198143,0.0007162719891001594,0.001319226539954446,0.00169716840518062,0.001397577218312035,0.0010044273027244694,0.0023058276461082865,0.0006048974487195484,0.0012016933581672881
130.3304529962823,0.0008204752429491796,0.0008059112793064239,0.0012347222640693306,0.0005364164717715559,0.001548887150082013,0.0015270455585030052,0.002523823756690067,0.0016831597334215807,0.0020909908417957937,0.0007562115794162125,0.0013527643878005163
130.8298033909041,0.00018140332171681179,0.001065182611207056,0.0004125013774044045,0.00020503090413231793,0.0032138401813367017,0.000704887016304658,0.0025392588223769235,0.0013846525322451216,0.002314492504604832,0.0018397899302722471,0.0013861039201601075
131.32915378552585,0.0007266460153372072,0.001245314166209789,0.0008262449167856351,0.00016365715542860065,0.003695114111819462,0.0012769789751666204,0.0022016263855163883,0.0017407270212090632,0.0012458612198062429,0.002661449640871096,0.0015783619608150106
131.82850418014763,0.0011206287076854216,0.0013396768112048682,0.0015504613629318059,0.0005843012748992995,0.0033584581426095166,0.0038842674869795243,0.0007545456344077167,0.0012407493992977478,0.000955002199303638,0.0029265528382622537,0.0017714643857581792
132.3278545747694,0.0010649760205931817,0.0005185299963591486,0.0009773599735053633,0.00033901092185487075,0.0029062671611534453,0.003938592151097108,0.0012449770136114073,0.0004363305051544416,0.0020200556263982898,0.0015515280555025352,0.001499762742522979
132.82720496939118,0.0011215333846517918,0.00048085843449518974,0.0009000370749200724,0.001000057785702638,0.002716739937466374,0.0027677379172384243,0.0010917863286608858,0.0001745513035485482,0.00331699633557016,0.0016560582721897295,0.0015226356774443812
133.32655536401293,0.00153572721669744,0.0009969948192413843,0.0007483897209317337,0.00029103267124404916,0.002457814129892598,0.002089420627417943,0.001333046772469917,0.00024050049226292632,0.00254060643759445,0.0018852549721485531,0.0014118787859900993
133.82590575863472,0.002334271472751456,0.002104155445796226,0.000334234343161453,0.001249872075393746,0.0019568796086891897,0.0017025268959623284,0.0014037078578742076,0.0010072305510274021,0.0017203814676076588,0.001583410675275347,0.0015396670393539014
134.32525615325648,0.002443226027093971,0.0012037073447453783,0.0003502000374299245,0.0020458325181291655,0.0017014438473390338,0.002036614221330133,0.001071211513315665,0.001437918562175032,0.0016828956185846887,0.0007899500137430014,0.0014762999703885993
134.82460654787826,0.0022211207142917026,0.0010719871972835887,0.0007617017451795452,0.001753703759182604,0.0012403296214350723,0.0033105548063131953,0.0007352128395851404,0.0014172650309215323,0.00044531356685762814,0.001887831935686858,0.0014845021216736865
135.32395694250002,0.0015049334702759809,0.001115631487816898,0.0003932193717686234,0.0014460890364157897,0.00023768292889975038,0.0041634948418783025,0.0014126534307527187,0.001318704573377861,0.0011039511869593223,0.0025827496262589753,0.001527910995440422
135.8233073371218,0.000610057752933759,0.001222912429868675,0.0008125992992758811,0.0017815965510327816,0.0017413013237004434,0.0034739697342700123,0.0013259542885804346,0.00140624690710207,0.001168883961596499,0.001847211522297768,0.0015390733770658325
136.32265773174356,0.0004465524439238094,0.0009327604410411367,0.0007981148951448795,0.0015933039972364706,0.0025637690332168265,0.0031041298174391703,0.000589909666327059,0.002067292565323137,0.0016957269429014286,0.0004151886861795225,0.001420674848873344
136.82200812636535,0.000534239869693029,0.0008967112590501696,0.0007286098685621155,0.0007858070804506419,0.0028854422575059165,0.001722674720096751,0.0008163675259164659,0.002257751930329561,0.0012282487430073615,0.0003953848521823357,0.0012251238106794347
137.3213585209871,0.0010106445309078604,0.0011172962848606301,0.0010348810870761892,0.0025619148400892345,0.002871547091170681,0.0004409016647364516,0.0010521767710317223,0.0013672228758955273,0.00037130351146598357,0.0007959667334666216,0.0012623855390700904
137.8207089156089,0.0016167408557748242,0.0005168518499832264,0.0010899999056985055,0.0023790613672483012,0.002753125459404139,0.0007280650935575232,0.0007506221045108182,0.0009129760018495341,0.0009810937661301551,0.0006023524193990474,0.0012330888823556072
138.32005931023065,0.0013807906591866647,0.000619616013359111,0.0007276452254043622,0.0013598936509476702,0.0023785227529064417,0.0019601016109679,0.0005097323630482371,0.00032337316305108946,0.001169311677278882,0.0018788500200323359,0.0012307837136182696
