Distance_(mm),Gray_Value
0.00000,42391.316
0.00934,42391.246
0.01868,42430.117
0.02802,42439.359
0.03736,42436.684
0.04670,42460.742
0.05604,42445.734
0.06538,42321.367
0.07472,42271.219
0.08406,42291.707
0.09340,42299.277
0.10274,42261.617
0.11208,42282.758
0.12141,42265.641
0.13075,42275.203
0.14009,42321.469
0.14943,42306.531
0.15877,42218.781
0.16811,42227.398
0.17745,42200.930
0.18679,42174.422
0.19613,42151.094
0.20547,42144.742
0.21481,42109.473
0.22415,42109.434
0.23349,42150.051
0.24283,42169.203
0.25217,42116.852
0.26151,42066.184
0.27085,42070.844
0.28019,42027.699
0.28953,42056.699
0.29887,42046.531
0.30821,42032.977
0.31755,42046.266
0.32689,42019.008
0.33623,42039.547
0.34557,42073.344
0.35490,42065.250
0.36424,42075.477
0.37358,42027.684
0.38292,41974.707
0.39226,42021.496
0.40160,41989.559
0.41094,41997.840
0.42028,41969.121
0.42962,41975.375
0.43896,42045.727
0.44830,42070.656
0.45764,42024.680
0.46698,41975.695
0.47632,41970.875
0.48566,41976.133
0.49500,41870.180
0.50434,41867.406
0.51368,41853.133
0.52302,41820.828
0.53236,41844.223
0.54170,41858.758
0.55104,41845.324
0.56038,41764.453
0.56972,41748.902
0.57906,41720.742
0.58839,41743.844
0.59773,41712.578
0.60707,41733.898
0.61641,41695.652
0.62575,41650.801
0.63509,41623.301
0.64443,41600.465
0.65377,41595.809
0.66311,41645.496
0.67245,41597.980
0.68179,41589.844
0.69113,41558.266
0.70047,41567.328
0.70981,41567.090
0.71915,41547.242
0.72849,41469.141
0.73783,41425.582
0.74717,41388.566
0.75651,41394.777
0.76585,41451.223
0.77519,41487.551
0.78453,41451.078
0.79387,41416.125
0.80321,41419.691
0.81255,41348.555
0.82188,41316.777
0.83122,41259.367
0.84056,41223.859
0.84990,41223.734
0.85924,41176.953
0.86858,41140.793
0.87792,41113.668
0.88726,41084.555
0.89660,41000.902
0.90594,40869.203
0.91528,40763.484
0.92462,40723.309
0.93396,40639.547
0.94330,40529.977
0.95264,40400.684
0.96198,40166.535
0.97132,39763.504
0.98066,38675.609
0.99000,35514.699
0.99934,27813.398
1.00868,16995.584
1.01802,9145.402
1.02736,5892.486
1.03670,4736.754
1.04604,4265.634
1.05537,4029.894
1.06471,3879.060
1.07405,3769.495
1.08339,3683.838
1.09273,3604.431
1.10207,3540.852
1.11141,3482.231
1.12075,3443.509
1.13009,3392.926
1.13943,3344.477
1.14877,3306.963
1.15811,3278.472
1.16745,3246.444
1.17679,3211.542
1.18613,3185.407
1.19547,3164.634
1.20481,3131.690
1.21415,3105.370
1.22349,3071.403
1.23283,3048.657
1.24217,3023.755
1.25151,3009.704
1.26085,2995.083
1.27019,2986.440
1.27953,2966.856
1.28886,2950.282
1.29820,2934.782
1.30754,2906.282
1.31688,2882.222
1.32622,2859.681
1.33556,2841.296
1.34490,2827.074
1.35424,2817.088
1.36358,2805.074
1.37292,2793.565
1.38226,2773.394
1.39160,2750.023
1.40094,2739.213
1.41028,2728.194
1.41962,2717.310
1.42896,2699.139
1.43830,2683.426
1.44764,2681.694
1.45698,2671.185
1.46632,2657.634
1.47566,2646.241
1.48500,2636.657
1.49434,2624.407
1.50368,2611.528
1.51302,2598.176
1.52235,2590.310
1.53169,2584.199
1.54103,2577.495
1.55037,2575.532
1.55971,2572.560
1.56905,2560.662
1.57839,2554.741
1.58773,2546.019
1.59707,2544.690
1.60641,2535.514
1.61575,2527.861
1.62509,2523.532
1.63443,2506.579
1.64377,2491.718
1.65311,2486.755
1.66245,2485.569
1.67179,2475.093
1.68113,2468.190
1.69047,2456.866
1.69981,2447.389
1.70915,2440.167
1.71849,2426.120
1.72783,2420.292
1.73717,2423.440
1.74651,2419.995
1.75584,2411.884
1.76518,2402.398
1.77452,2397.884
1.78386,2398.037
1.79320,2386.829
1.80254,2371.574
1.81188,2366.190
1.82122,2355.417
1.83056,2353.403
1.83990,2351.352
1.84924,2349.796
1.85858,2339.884
1.86792,2331.222
1.87726,2331.699
1.88660,2336.023
1.89594,2331.856
1.90528,2323.125
1.91462,2326.167
1.92396,2315.847
1.93330,2296.810
1.94264,2295.389
1.95198,2287.880
1.96132,2294.097
1.97066,2299.144
1.98000,2298.458
1.98933,2291.102
1.99867,2281.227
2.00801,2275.273
