freq,mtf
0.49949999999999994,0.9615000695488983
0.9989999999999999,0.9266260359196057
1.4985,0.9063342004104352
1.9979999999999998,0.890906888157323
2.4974999999999996,0.8791143707980625
2.997,0.8680317939020216
3.4964999999999997,0.8573814765594613
3.9959999999999996,0.8460765975884139
4.4955,0.8342074471660429
4.994999999999999,0.8213226809427299
5.4944999999999995,0.807606497097668
5.994,0.7928552844092328
6.493499999999999,0.7772610523153558
6.992999999999999,0.7607298275470232
7.492499999999999,0.7434400292056194
7.991999999999999,0.7253531984411768
8.491499999999998,0.7066315984729767
8.991,0.6872682250317338
9.490499999999999,0.6674108468516567
9.989999999999998,0.647071426365555
10.4895,0.6263850551154644
10.988999999999999,0.6053750989837455
11.488499999999998,0.5841651195455094
11.988,0.5627847235908735
12.487499999999999,0.5413464773326443
12.986999999999998,0.5198824407130633
13.486499999999998,0.498494335348904
13.985999999999999,0.47721380761489174
14.485499999999998,0.4561317107648208
14.984999999999998,0.4352771090562166
15.484499999999999,0.41472994217202896
15.983999999999998,0.3945150968240599
16.4835,0.3747016329113948
16.982999999999997,0.35530915473143737
17.482499999999998,0.33639601396854607
17.982,0.317975853723378
18.481499999999997,0.30009665421267295
18.980999999999998,0.2827657871944104
19.4805,0.26602136756015193
19.979999999999997,0.24986449899790208
20.479499999999998,0.23432409413287925
20.979,0.21939525067277132
21.478499999999997,0.20509847500442027
21.977999999999998,0.19142332582378108
22.4775,0.17838280116948427
22.976999999999997,0.1659615401855535
23.476499999999998,0.15416599762483083
23.976,0.14297661542631987
24.475499999999997,0.13239430195494986
24.974999999999998,0.12239608162781147
25.474499999999995,0.11297831151017834
25.973999999999997,0.10411539512864404
26.473499999999998,0.0958001013418343
26.972999999999995,0.0880049919743551
27.472499999999997,0.08072015327567958
27.971999999999998,0.07391703921992446
28.471499999999995,0.06758388145923677
28.970999999999997,0.06169169339010862
29.470499999999998,0.05622758809173015
29.969999999999995,0.05116272432024261
30.469499999999996,0.04648373180441663
30.968999999999998,0.042162410543974224
31.468499999999995,0.038185437706845064
31.967999999999996,0.034525657025580594
32.467499999999994,0.031170220388438447
32.967,0.028093325577437593
33.466499999999996,0.025282927681791363
33.965999999999994,0.022714801566671605
34.4655,0.02037794284930762
34.964999999999996,0.018249846869658144
35.464499999999994,0.016320705680152484
35.964,0.014569808353937603
36.463499999999996,0.012988628877844228
36.962999999999994,0.011558263752141217
37.4625,0.010271495553912137
37.961999999999996,0.00911119326633303
38.461499999999994,0.008071427370405403
38.961,0.007136766455049269
39.460499999999996,0.006302511821472403
39.959999999999994,0.005554830890522012
40.4595,0.004890172324820244
40.958999999999996,0.004296182754948791
41.458499999999994,0.0037703572261848285
41.958,0.0033016909685548886
42.457499999999996,0.002888614464275924
42.956999999999994,0.002521336521114724
43.4565,0.0021991083552747575
43.955999999999996,0.0019132182031594567
44.455499999999994,0.001663624455427753
44.955,0.0014425655502915565
45.454499999999996,0.0012505983191809145
45.95399999999999,0.0010807900197837626
46.4535,0.0009341946100680393
46.952999999999996,0.0008045965621716158
47.45249999999999,0.0006934547224648
47.952,0.0005951700472925555
48.451499999999996,0.0005115239897200543
48.95099999999999,0.0004374445546503613
49.45049999999999,0.00037496373912177205
49.949999999999996,0.00031945834938048467
50.44949999999999,0.00027314887586068164
50.94899999999999,0.00023179337416144035
51.448499999999996,0.0001977482462274474
51.94799999999999,0.00016709518184744205
52.44749999999999,0.0001422826153033639
52.946999999999996,0.00011966727131460093
53.44649999999999,0.00010175354572598771
53.94599999999999,8.513261443281978e-05
54.445499999999996,7.233562440716453e-05
54.94499999999999,6.015461890822789e-05
55.44449999999999,5.112420044164169e-05
55.943999999999996,4.220971242842368e-05
56.44349999999999,3.593092921911478e-05
56.94299999999999,2.9404025569194136e-05
57.442499999999995,2.5119841406815357e-05
57.94199999999999,2.0327180404807758e-05
58.44149999999999,1.747726702664244e-05
58.940999999999995,1.3936864876318138e-05
59.44049999999999,1.21096603450856e-05
59.93999999999999,9.468615697462262e-06
60.439499999999995,8.364125824953734e-06
60.93899999999999,6.3659894222420325e-06
61.43849999999999,5.767191196927315e-06
61.937999999999995,4.227033481733474e-06
62.43749999999999,3.978077677481897e-06
62.93699999999999,2.763653056670559e-06
63.436499999999995,2.7533582968860952e-06
63.93599999999999,1.7710983238165358e-06
64.43549999999999,1.920461419381227e-06
64.93499999999999,1.1053877732460305e-06
65.43449999999999,1.3579639399649678e-06
65.934,6.671132146704042e-07
66.4335,9.810321613835351e-07
66.93299999999999,3.909097573796491e-07
67.43249999999999,7.307248166026743e-07
67.93199999999999,2.3988218201871485e-07
68.43149999999999,5.66197199801051e-07
68.931,1.912925644119835e-07
69.4305,4.591371978282299e-07
69.92999999999999,1.9988731568701482e-07
70.42949999999999,3.8995091332928575e-07
70.92899999999999,2.2053096280337242e-07
71.42849999999999,3.4523251491567225e-07
71.928,2.3730594418605418e-07
72.4275,3.160279872878931e-07
72.92699999999999,2.4805269143976433e-07
73.42649999999999,2.9653214972428144e-07
73.92599999999999,2.538823414599666e-07
74.42549999999999,2.8307631812336866e-07
74.925,2.562625825555777e-07
75.4245,2.7337923180824757e-07
75.92399999999999,2.563796991666992e-07
76.42349999999999,2.6603282724552747e-07
76.92299999999999,2.55075259501824e-07
77.42249999999999,2.6016966715568057e-07
77.922,2.5291255817765327e-07
78.4215,2.552551279492562e-07
78.92099999999999,2.5025608444184415e-07
79.42049999999999,2.5095938577341457e-07
79.91999999999999,2.4733609201938874e-07
80.41949999999999,2.470787661663947e-07
80.919,2.442951275246387e-07
81.4185,2.434873224876788e-07
81.91799999999999,2.41219699383417e-07
82.41749999999999,2.401069511095231e-07
82.91699999999999,2.381611237668464e-07
83.41649999999998,2.3688892876978786e-07
83.916,2.3514893599188271e-07
84.4155,2.3380251957575124e-07
84.91499999999999,2.3219937447788366e-07
85.41449999999999,2.308279645113961e-07
85.91399999999999,2.2932067030899303e-07
86.41349999999998,2.279521871472008e-07
86.913,2.2651630746459626e-07
87.4125,2.2516617647066516e-07
87.91199999999999,2.2378700800343985e-07
88.41149999999999,2.224634015392319e-07
88.91099999999999,2.211319282083946e-07
89.41049999999998,2.1983885636963808e-07
89.91,2.1854937030287357e-07
90.4095,2.1728848752121397e-07
90.90899999999999,2.1603720130333222e-07
91.40849999999999,2.1480885253011255e-07
91.90799999999999,2.1359309615651615e-07
92.40749999999998,2.123969163434087e-07
92.907,2.1121467497340363e-07
93.4065,2.100499295166996e-07
93.90599999999999,2.0889957955193027e-07
94.40549999999999,2.077653553540663e-07
94.90499999999999,2.0664551437535666e-07
95.40449999999998,2.0554082484702122e-07
95.904,2.044502665815144e-07
96.4035,2.0337410862449328e-07
96.90299999999999,2.0231171408638954e-07
97.40249999999999,2.0126309846351682e-07
97.90199999999999,2.00227828402033e-07
98.40149999999998,1.9920579449025794e-07
98.90099999999998,1.9819667274751943e-07
99.4005,1.9720029555423298e-07
99.89999999999999,1.9621639908581675e-07
100.39949999999999,1.9524479193273347e-07
100.89899999999999,1.9428524472787043e-07
101.39849999999998,1.933375591807035e-07
101.89799999999998,1.924015275842898e-07
102.3975,1.9147695278679752e-07
102.89699999999999,1.9056364192772928e-07
103.39649999999999,1.8966140324631083e-07
103.89599999999999,1.8877005470937463e-07
104.39549999999998,1.8788941198978627e-07
104.89499999999998,1.8701930163242322e-07
105.3945,1.8615954721848857e-07
105.89399999999999,1.8530998292613542e-07
106.39349999999999,1.844704403854081e-07
106.89299999999999,1.8364076057881957e-07
107.39249999999998,1.8282078269935958e-07
107.89199999999998,1.8201035407255294e-07
108.3915,1.812093217743642e-07
108.89099999999999,1.8041753859947795e-07
109.39049999999999,1.7963485898793595e-07
109.88999999999999,1.7886114101143387e-07
110.38949999999998,1.7809624629381868e-07
110.88899999999998,1.773400378321944e-07
111.3885,1.76592383853787e-07
111.88799999999999,1.7585315214489224e-07
112.38749999999999,1.7512221747926857e-07
112.88699999999999,1.743994519207209e-07
113.38649999999998,1.7368473625436866e-07
113.88599999999998,1.729779470484043e-07
114.3855,1.7227897054839317e-07
114.88499999999999,1.7158768751153468e-07
115.38449999999999,1.7090398971198868e-07
115.88399999999999,1.702277616302429e-07
116.38349999999998,1.695589001791058e-07
116.88299999999998,1.6889729384932617e-07
117.3825,1.682428440259749e-07
117.88199999999999,1.6759544302937418e-07
118.38149999999999,1.669549967730575e-07
118.88099999999999,1.663214011036365e-07
119.38049999999998,1.6569456592694035e-07
119.87999999999998,1.6507439089006222e-07
120.3795,1.6446078969789068e-07
120.87899999999999,1.6385366532533366e-07
121.37849999999999,1.6325293511186546e-07
121.87799999999999,1.6265850556555999e-07
122.37749999999998,1.6207029717227026e-07
122.87699999999998,1.614882198253908e-07
123.3765,1.6091219715516138e-07
123.87599999999999,1.603421422048068e-07
124.37549999999999,1.5977798157726685e-07
124.87499999999999,1.592196314618043e-07
125.37449999999998,1.5866702111590306e-07
125.87399999999998,1.581200697472333e-07
126.37349999999999,1.5757870929361372e-07
126.87299999999999,1.5704286188952715e-07
127.37249999999999,1.5651246176304182e-07
127.87199999999999,1.5598743397141808e-07
128.3715,1.5546771509858505e-07
128.87099999999998,1.5495323280273963e-07
129.3705,1.5444392596588318e-07
129.86999999999998,1.539397247713391e-07
130.3695,1.5344057016869255e-07
130.86899999999997,1.5294639498051335e-07
131.36849999999998,1.5245714196933768e-07
131.868,1.519727466158798e-07
132.36749999999998,1.5149315335807335e-07
132.867,1.5101829999714032e-07
133.36649999999997,1.50548132940143e-07
133.86599999999999,1.5008259201904102e-07
134.3655,1.496216255271709e-07
134.86499999999998,1.4916517538562032e-07
135.3645,1.487131914723215e-07
135.86399999999998,1.482656178689991e-07
136.3635,1.478224059288843e-07
136.86299999999997,1.4738350179442032e-07
137.36249999999998,1.4694885831234095e-07
137.862,1.465184234505937e-07
138.36149999999998,1.4609215162055227e-07
138.861,1.4566999256205142e-07
139.36049999999997,1.452519020409725e-07
139.85999999999999,1.4483783160439058e-07
140.3595,1.4442773829825447e-07
140.85899999999998,1.4402157539437363e-07
141.3585,1.4361930121398555e-07
141.85799999999998,1.4322087061082943e-07
142.3575,1.4282624317582963e-07
142.85699999999997,1.4243537531144097e-07
143.35649999999998,1.420482278058143e-07
143.856,1.4166475854767683e-07
144.35549999999998,1.4128492941573266e-07
144.855,1.4090869981467436e-07
145.35449999999997,1.4053603268349766e-07
145.85399999999998,1.4016688869811572e-07
146.3535,1.3980123209399804e-07
146.85299999999998,1.3943902471860488e-07
147.3525,1.3908023184047158e-07
147.85199999999998,1.387248165993699e-07
148.3515,1.3837274518105074e-07
148.85099999999997,1.3802398204829505e-07
149.35049999999998,1.3767849434231591e-07
149.85,1.3733624761426777e-07
150.34949999999998,1.3699720997400677e-07
150.849,1.3666134812733798e-07
151.34849999999997,1.3632863103896906e-07
151.84799999999998,1.3599902653253865e-07
152.3475,1.3567250442856074e-07
152.84699999999998,1.3534903353292784e-07
153.3465,1.350285846303948e-07
153.84599999999998,1.347111273675148e-07
154.3455,1.343966334734416e-07
154.84499999999997,1.3408507352860708e-07
155.34449999999998,1.3377641994193211e-07
155.844,1.3347064437206097e-07
156.34349999999998,1.331677198867106e-07
156.843,1.3286761911156686e-07
157.34249999999997,1.3257031577209963e-07
157.84199999999998,1.3227578336392193e-07
158.3415,1.3198399648652634e-07
158.84099999999998,1.3169492923581924e-07
159.3405,1.3140855701202023e-07
159.83999999999997,1.3112485471744932e-07
160.3395,1.3084379841289363e-07
160.83899999999997,1.3056536370314796e-07
161.33849999999998,1.3028952736429727e-07
161.838,1.3001626576455428e-07
162.33749999999998,1.2974555632784808e-07
162.837,1.2947737600111422e-07
163.33649999999997,1.2921170296770694e-07
163.83599999999998,1.289485148161517e-07
164.33549999999997,1.2868779032883209e-07
164.83499999999998,1.2842950765629415e-07
165.3345,1.2817364629439316e-07
165.83399999999997,1.2792018492747636e-07
166.3335,1.2766910387271478e-07
166.83299999999997,1.2742038206254337e-07
167.33249999999998,1.2717400056805296e-07
167.832,1.2692993885774243e-07
168.33149999999998,1.2668817860182963e-07
168.831,1.2644869978279573e-07
169.33049999999997,1.2621148462026116e-07
169.82999999999998,1.2597651358330635e-07
170.32949999999997,1.2574376961136893e-07
170.82899999999998,1.255132333306882e-07
171.3285,1.252848884801884e-07
171.82799999999997,1.2505871609704987e-07
172.3275,1.2483470054130198e-07
172.82699999999997,1.2461282300673558e-07
173.32649999999998,1.2439306867173543e-07
173.826,1.241754190444613e-07
174.32549999999998,1.23959859810196e-07
174.825,1.237463728778234e-07
175.32449999999997,1.2353494436777669e-07
175.82399999999998,1.2332555665399764e-07
176.32349999999997,1.2311819654838848e-07
176.82299999999998,1.229128464527877e-07
177.3225,1.2270949375075204e-07
177.82199999999997,1.225081213779058e-07
178.3215,1.223087170604737e-07
178.82099999999997,1.2211126398922328e-07
179.32049999999998,1.219157505163314e-07
179.82,1.2172216016600338e-07
180.31949999999998,1.2153048156401322e-07
180.819,1.2134069875562223e-07
181.31849999999997,1.2115280065160332e-07
181.81799999999998,1.209667718068119e-07
182.31749999999997,1.207826012939829e-07
182.81699999999998,1.2060027413496533e-07
183.3165,1.204197797015144e-07
183.81599999999997,1.202411036017312e-07
184.3155,1.2006423527858717e-07
184.81499999999997,1.1988916090509472e-07
185.31449999999998,1.197158697789072e-07
185.814,1.1954434922580474e-07
186.31349999999998,1.1937458822725368e-07
186.813,1.1920657462568666e-07
187.31249999999997,1.1904029752171786e-07
187.81199999999998,1.1887574554610428e-07
188.31149999999997,1.1871290761875358e-07
188.81099999999998,1.1855177324485713e-07
189.3105,1.1839233086066749e-07
189.80999999999997,1.1823457113869992e-07
190.30949999999999,1.1807848214196097e-07
190.80899999999997,1.1792405516370477e-07
191.30849999999998,1.1777127808647684e-07
191.808,1.1762014346493533e-07
192.30749999999998,1.1747063851575158e-07
192.807,1.1732275667701643e-07
193.30649999999997,1.1717648476075397e-07
193.80599999999998,1.1703181727651094e-07
194.30549999999997,1.1688874076393477e-07
194.80499999999998,1.1674725044053677e-07
195.3045,1.1660733246610789e-07
195.80399999999997,1.1646898273606942e-07
196.30349999999999,1.1633218748183906e-07
196.80299999999997,1.1619694357572932e-07
197.30249999999998,1.1606323645841982e-07
197.80199999999996,1.1593106384321555e-07
198.30149999999998,1.1580041096786504e-07
198.801,1.1567127645798489e-07
199.30049999999997,1.1554364513408983e-07
199.79999999999998,1.1541751626711893e-07
200.29949999999997,1.1529287473951406e-07
200.79899999999998,1.1516972012857569e-07
201.2985,1.1504803751691068e-07
201.79799999999997,1.1492782667153254e-07
202.29749999999999,1.1480907287791504e-07
202.79699999999997,1.146917761968574e-07
203.29649999999998,1.1457592209916603e-07
203.79599999999996,1.14461510843137e-07
204.29549999999998,1.1434852822626292e-07
204.795,1.1423697448467501e-07
205.29449999999997,1.1412683586111211e-07
205.79399999999998,1.1401811256168527e-07
206.29349999999997,1.1391079145488094e-07
206.79299999999998,1.1380487235966942e-07
207.2925,1.1370034283300324e-07
207.79199999999997,1.1359720255672042e-07
208.29149999999998,1.1349543960938074e-07
208.79099999999997,1.1339505338777115e-07
209.29049999999998,1.1329603286361868e-07
209.78999999999996,1.1319837697973017e-07
210.28949999999998,1.1310207530668436e-07
210.789,1.1300712653210768e-07
211.28849999999997,1.1291352104307132e-07
211.78799999999998,1.1282125699671194e-07
212.28749999999997,1.127303256726147e-07
212.78699999999998,1.1264072470406187e-07
213.2865,1.1255244621371655e-07
213.78599999999997,1.1246548746507465e-07
214.28549999999998,1.1237984118914732e-07
214.78499999999997,1.1229550436772e-07
215.28449999999998,1.1221247042654632e-07
215.78399999999996,1.1213073599445991e-07
216.28349999999998,1.1205029519810316e-07
216.783,1.1197114427723105e-07
217.28249999999997,1.1189327803627543e-07
217.78199999999998,1.1181669245334088e-07
218.28149999999997,1.1174138286710113e-07
218.78099999999998,1.1166734502959836e-07
219.2805,1.1159457492143922e-07
219.77999999999997,1.1152306789559874e-07
220.27949999999998,1.1145282058947681e-07
220.77899999999997,1.1138382819120907e-07
221.27849999999998,1.1131608768122724e-07
221.77799999999996,1.1124959425582107e-07
222.27749999999997,1.1118434523974294e-07
222.777,1.1112033564154861e-07
223.27649999999997,1.1105756334732013e-07
223.77599999999998,1.10996023270568e-07
224.27549999999997,1.1093571359223592e-07
224.77499999999998,1.1087662904856598e-07
225.27449999999996,1.10818768324615e-07
225.77399999999997,1.1076212634785882e-07
226.27349999999998,1.107067016036681e-07
226.77299999999997,1.1065248925141569e-07
227.27249999999998,1.1059948831283365e-07
227.77199999999996,1.105476935805892e-07
228.27149999999997,1.1049710449204542e-07
228.771,1.1044771582590486e-07
229.27049999999997,1.1039952725455549e-07
229.76999999999998,1.1035253387537539e-07
230.26949999999997,1.1030673513522995e-07
230.76899999999998,1.1026212643236462e-07
231.26849999999996,1.102187076101781e-07
231.76799999999997,1.1017647380935491e-07
232.26749999999998,1.1013542507457067e-07
232.76699999999997,1.1009555680744202e-07
233.26649999999998,1.1005686925248394e-07
233.76599999999996,1.1001935783787745e-07
234.26549999999997,1.0998302283059486e-07
234.765,1.0994785987884698e-07
235.26449999999997,1.0991386959598979e-07
235.76399999999998,1.0988104752892733e-07
236.26349999999996,1.0984939440917159e-07
236.76299999999998,1.0981890592069055e-07
237.26249999999996,1.0978958308994234e-07
237.76199999999997,1.0976142164089469e-07
238.26149999999998,1.0973442263700649e-07
238.76099999999997,1.0970858196938346e-07
239.26049999999998,1.0968390094119781e-07
239.75999999999996,1.0966037546334878e-07
240.25949999999997,1.09638007006326e-07
240.759,1.0961679158283215e-07
241.25849999999997,1.0959673083593598e-07
241.75799999999998,1.0957782093969737e-07
242.25749999999996,1.0956006346585989e-07
242.75699999999998,1.0954345483234185e-07
243.25649999999996,1.0952799689805142e-07
243.75599999999997,1.0951368603857172e-07
244.25549999999998,1.0950052419177422e-07
244.75499999999997,1.0948850788380283e-07
245.25449999999998,1.0947763933509604e-07
245.75399999999996,1.0946791509200001e-07
246.25349999999997,1.0945933736806017e-07
246.753,1.0945190306466865e-07
247.25249999999997,1.0944561440825015e-07
247.75199999999998,1.0944046840728188e-07
248.25149999999996,1.0943646748213515e-07
248.75099999999998,1.0943360857938919e-07
249.25049999999996,1.0943189441679787e-07
