x_fit,y_fit
0.0,42209.566739086
0.0046589559164733185,42208.30183055172
0.009317911832946637,42207.02543426664
0.013976867749419955,42205.73739468535
0.018635823665893274,42204.43755347268
0.023294779582366594,42203.12574944157
0.02795373549883991,42201.80181848937
0.03261269141531323,42200.4655935324
0.03727164733178655,42199.116904438706
0.04193060324825987,42197.75557795918
0.04658955916473319,42196.381437656615
0.0512485150812065,42194.994303833024
0.05590747099767982,42193.593993454866
0.06056642691415314,42192.18032007628
0.06522538283062645,42190.75309376021
0.06988433874709978,42189.31212099743
0.0745432946635731,42187.85720462314
0.07920225058004642,42186.388143731536
0.08386120649651974,42184.90473358772
0.08852016241299306,42183.40676553736
0.09317911832946638,42181.894026913695
0.09783807424593968,42180.36630094198
0.102497030162413,42178.8233666412
0.10715598607888632,42177.26499872298
0.11181494199535964,42175.690967487644
0.11647389791183296,42174.1010387173
0.12113285382830628,42172.49497356581
0.1257918097447796,42170.87252844558
0.1304507656612529,42169.23345491113
0.13510972157772624,42167.57749953921
0.13976867749419955,42165.90440380543
0.14442763341067288,42164.21390395721
0.1490865893271462,42162.50573088312
0.1537455452436195,42160.779609978184
0.15840450116009283,42159.03526100529
0.16306345707656614,42157.27239795236
0.16772241299303947,42155.49072888534
0.17238136890951278,42153.6899557967
0.1770403248259861,42151.86977444925
0.18169928074245942,42150.029874215455
0.18635823665893275,42148.16993791153
0.19101719257540606,42146.28964162671
0.19567614849187936,42144.38865454709
0.2003351044083527,42142.46663877406
0.204994060324826,42140.52324913715
0.20965301624129934,42138.55813300094
0.21431197215777265,42136.570930065944
0.21897092807424598,42134.56127216327
0.22362988399071929,42132.52878304272
0.2282888399071926,42130.473078154144
0.23294779582366593,42128.39376442191
0.23760675174013923,42126.29044001202
0.24226570765661257,42124.16269409177
0.24692466357308587,42122.010106581714
0.2515836194895592,42119.83224789942
0.2562425754060325,42117.628678694964
0.2609015313225058,42115.39894957772
0.2655604872389791,42113.14260083415
0.2702194431554525,42110.85916213627
0.2748783990719258,42108.5481522404
0.2795373549883991,42106.20907867588
0.2841963109048724,42103.84143742337
0.28885526682134577,42101.44471258223
0.2935142227378191,42099.01837602679
0.2981731786542924,42096.56188705078
0.3028321345707657,42094.07469199975
0.307491090487239,42091.55622389081
0.31215004640371236,42089.00590201933
0.31680900232018566,42086.42313155199
0.32146795823665897,42083.80730310573
0.3261269141531323,42081.157792311984
0.33078587006960564,42078.47395936564
0.33544482598607894,42075.75514855815
0.34010378190255225,42073.000687794076
0.34476273781902556,42070.20988809055
0.34942169373549886,42067.382043058766
0.3540806496519722,42064.51642836705
0.35873960556844553,42061.612301184476
0.36339856148491884,42058.668899604396
0.36805751740139214,42055.685442047194
0.3727164733178655,42052.66112664105
0.3773754292343388,42049.59513058024
0.3820343851508121,42046.48660945971
0.3866933410672854,42043.33469658524
0.39135229698375873,42040.13850225786
0.3960112529002321,42036.897113031824
0.4006702088167054,42033.60959094473
0.4053291647331787,42030.274972718806
0.409988120649652,42026.89226893215
0.4146470765661253,42023.46046315857
0.4193060324825987,42019.97851107481
0.423964988399072,42016.44533953378
0.4286239443155453,42012.85984560222
0.4332829002320186,42009.22089556165
0.43794185614849196,42005.527323870556
0.44260081206496527,42001.777932086625
0.44725976798143857,41997.97148774711
0.4519187238979119,41994.10672320555
0.4565776798143852,41990.18233442311
0.46123663573085855,41986.1969797125
0.46589559164733185,41982.149278432495
0.47055454756380516,41978.03780963101
0.47521350348027847,41973.86111063443
0.4798724593967518,41969.61767558106
0.48453141531322513,41965.30595389614
0.48919037122969844,41960.9243487061
0.49384932714617175,41956.471215189464
0.49850828306264505,41951.94485886159
0.5031672389791184,41947.34353379056
0.5078261948955917,41942.66544074138
0.512485150812065,41937.90872524529
0.5171441067285384,41933.071475591205
0.5218030626450116,41928.151720736045
0.526462018561485,41923.14742813041
0.5311209744779583,41918.056501456376
0.5357799303944316,41912.87677827353
0.540438886310905,41907.60602756978
0.5450978422273782,41902.24194721288
0.5497567981438516,41896.782161298775
0.554415754060325,41891.22421739275
0.5590747099767982,41885.56558365912
0.5637336658932716,41879.8036458751
0.5683926218097448,41873.935704324664
0.5730515777262182,41867.95897056765
0.5777105336426915,41861.870564079785
0.5823694895591648,41855.667508758794
0.5870284454756381,41849.34672929211
0.5916874013921114,41842.90504738137
0.5963463573085848,41836.33917781898
0.6010053132250581,41829.64572441229
0.6056642691415314,41822.821175750374
0.6103232250580047,41815.86190080945
0.614982180974478,41808.76414439203
0.6196411368909513,41801.5240223961
0.6243000928074247,41794.13751691022
0.628959048723898,41786.60047113097
0.6336180046403713,41778.908584099874
0.6382769605568446,41771.05740525688
0.6429359164733179,41763.04232880867
0.6475948723897913,41754.85858791051
0.6522538283062645,41746.501248661254
0.6569127842227379,41737.96520391238
0.6615717401392113,41729.24516689295
0.6662306960556845,41720.33566465395
0.6708896519721579,41711.231031337215
0.6755486078886311,41701.925401276065
0.6802075638051045,41692.4127019369
0.6848665197215779,41682.686646713875
0.6895254756380511,41672.74072759166
0.6941844315545245,41662.56820769464
0.6988433874709977,41652.16211374492
0.7035023433874711,41641.51522845599
0.7081612993039444,41630.6200828939
0.7128202552204177,41619.46894884357
0.7174792111368911,41608.05383122431
0.7221381670533643,41596.36646060609
0.7267971229698377,41584.398285886105
0.731456078886311,41572.14046719468
0.7361150348027843,41559.58386910973
0.7407739907192576,41546.71905427062
0.745432946635731,41533.53627749526
0.7500919025522043,41520.02548051836
0.7547508584686776,41506.17628748479
0.7594098143851509,41491.978001349475
0.7640687703016242,41477.41960135424
0.7687277262180976,41462.489741773425
0.7733866821345708,41447.176752142754
0.7780456380510442,41431.46863921077
0.7827045939675175,41415.3530908793
0.7873635498839908,41398.81748242771
0.7920225058004642,41381.84888534667
0.7966814617169374,41364.43407913903
0.8013404176334108,41346.559566479315
0.805999373549884,41328.21159215766
0.8106583294663574,41309.3761662695
0.8153172853828308,41290.0390921471
0.819976241299304,41270.18599956288
0.8246351972157774,41249.802383766735
0.8292941531322506,41228.87365094733
0.833953109048724,41207.38517073087
0.8386120649651974,41185.32233634684
0.8432710208816706,41162.6706330966
0.847929976798144,41139.41571575526
0.8525889327146173,41115.54349551622
0.8572478886310906,41091.04023704791
0.8619068445475639,41065.89266617034
0.8665658004640372,41040.08808856958
0.8712247563805106,41013.614519848954
0.8758837122969839,40986.46082706011
0.8805426682134572,40958.6168816633
0.8852016241299305,40930.07372362875
0.8898605800464038,40900.82373610842
0.8945195359628771,40870.86082977762
0.8991784918793505,40840.18063556947
0.9038374477958238,40808.78070410361
0.9084964037122971,40776.66070965053
0.9131553596287704,40743.82265597409
0.9178143155452437,40710.27108078959
0.9224732714617171,40676.01325401513
0.9271322273781903,40641.05935466552
0.9317911832946637,40605.42253159353
0.936450139211137,40569.118207331776
0.9411090951276103,40532.15878587865
0.9457680510440837,40494.52409503196
0.9504270069605569,40456.022478970495
0.9550859628770303,40415.73581648891
0.9597449187935037,40370.14539791064
0.9644038747099769,40307.84635659549
0.9690628306264503,40197.350335504074
0.9737217865429235,39964.94353827021
0.9783807424593969,39465.977137086855
0.9830396983758702,38467.56221554037
0.9876986542923435,36675.46227026475
0.9923576102088169,33831.64914270757
0.9970165661252901,29864.377765137655
1.0016755220417635,25009.702246002314
1.0063344779582368,19803.52237835942
1.0109934338747102,14911.798046168587
1.0156523897911833,10883.855991326618
1.0203113457076567,7974.825487597134
1.02497030162413,6128.184806249439
1.0296292575406034,5092.341855466864
1.0342882134570768,4571.7903097179515
1.03894716937355,4328.783964681188
1.0436061252900233,4213.815646460236
1.0482650812064966,4149.878416067324
1.05292403712297,4103.754193876874
1.0575829930394434,4063.299225803101
1.0622419489559165,4024.7320346953748
1.0669009048723899,3987.055720077442
1.0715598607888632,3950.058632696957
1.0762188167053366,3913.716379787067
1.08087777262181,3878.040730681936
1.085536728538283,3843.04716431841
1.0901956844547565,3808.7489939193547
1.0948546403712298,3775.1565699263338
1.0995135962877032,3742.2773251654835
1.1041725522041765,3710.115949233121
1.10883150812065,3678.6745861395684
1.113490464037123,3647.9530385685102
1.1181494199535964,3617.9489737353215
1.1228083758700698,3588.658127536397
1.1274673317865431,3560.074504301978
1.1321262877030165,3532.190569965831
1.1367852436194896,3504.9974369281263
1.141444199535963,3478.485039311203
1.1461031554524364,3452.6422976873873
1.1507621113689097,3427.457272690379
1.155421067285383,3402.917307207241
1.1600800232018562,3379.0091570876466
1.1647389791183296,3355.719110503749
1.169397935034803,3333.0330962512453
1.1740568909512763,3310.936781404009
1.1787158468677497,3289.4156588253027
1.1833748027842228,3268.455125102322
1.1880337587006962,3248.0405495117193
1.1926927146171695,3228.15733464565
1.1973516705336429,3208.790969334408
1.2020106264501162,3189.9270744957357
1.2066695823665894,3171.5514425253386
1.2113285382830628,3153.6500708203384
1.2159874941995361,3136.209189999343
1.2206464501160095,3119.215287351082
1.2253054060324828,3102.655126009784
1.229964361948956,3086.5157603204207
1.2346233178654293,3070.7845478218806
1.2392822737819027,3055.4491582413684
1.243941229698376,3040.4975798596643
1.2486001856148494,3025.918123574633
1.2532591415313226,3011.69942495965
1.257918097447796,2997.8304445847825
1.2625770533642693,2984.3004668416543
1.2672360092807426,2971.0990974879132
1.271894965197216,2958.21626010424
1.2765539211136891,2945.6421916355685
1.2812128770301625,2933.367437169003
1.2858718329466359,2921.3828440832767
1.2905307888631092,2909.679555688639
1.2951897447795826,2898.2490044616934
1.299848700696056,2887.08290496681
1.304507656612529,2876.1732465439163
1.3091666125290025,2865.5122858322757
1.3138255684454758,2855.092539190351
1.3184845243619492,2844.9067750636823
1.3231434802784225,2834.9480063452647
1.3278024361948957,2825.2094827664296
1.332461392111369,2815.6846833503914
1.3371203480278424,2806.367308955556
1.3417793039443158,2797.2512749311936
1.3464382598607891,2788.3307039040956
1.3510972157772623,2779.5999187113994
1.3557561716937356,2771.0534354917545
1.360415127610209,2762.6859569443623
1.3650740835266824,2754.492365763086
1.3697330394431557,2746.4677182509076
1.3743919953596289,2738.6072381183003
1.3790509512761022,2730.9063104675115
1.3837099071925756,2723.360475963669
1.388368863109049,2715.9654251923603
1.3930278190255223,2708.7169932025645
1.3976867749419954,2701.611154233022
1.4023457308584688,2694.644016619426
1.4070046867749422,2687.8118178793957
1.4116636426914155,2681.1109199716884
1.416322598607889,2674.5378047257836
1.420981554524362,2668.089069437734
1.4256405104408354,2661.761422627893
1.4302994663573088,2655.5516799560864
1.4349584222737821,2649.456760289577
1.4396173781902555,2643.4736819191676
1.4442763341067286,2637.599558918788
1.448935290023202,2631.8315976437916
1.4535942459396753,2626.167093363387
1.4582532018561487,2620.6034270224627
1.462912157772622,2615.138062128357
1.4675711136890952,2609.768541757978
1.4722300696055686,2604.492485680945
1.476889025522042,2599.3075875944123
1.4815479814385153,2594.211612465384
1.4862069373549887,2589.2023939764404
1.490865893271462,2584.2778320708676
1.4955248491879352,2579.4358905933987
1.5001838051044085,2574.6745950227487
1.5048427610208819,2569.992030292422
1.5095017169373552,2565.3863386961857
1.5141606728538286,2560.8557178749725
1.5188196287703017,2556.3984188818104
1.523478584686775,2552.012744321746
1.5281375406032485,2547.6970465637314
1.5327964965197218,2543.4497260214957
1.5374554524361952,2539.269229500678
1.5421144083526683,2535.1540486095073
1.5467733642691417,2531.102718230435
1.551432320185615,2527.113815050241
1.5560912761020884,2523.1859561462443
1.5607502320185618,2519.3177976263323
1.565409187935035,2515.5080333205806
1.5700681438515083,2511.7553935223914
1.5747270997679816,2508.058643777149
1.579386055684455,2504.416583716393
1.5840450116009284,2500.8280459357193
1.5887039675174015,2497.2918949146115
1.5933629234338749,2493.807025976472
1.5980218793503482,2490.3723642872756
1.6026808352668216,2486.986863891234
1.607339791183295,2483.6495067819887
1.611998747099768,2480.3593020079243
1.6166577030162415,2477.1152848101847
1.6213166589327148,2473.916515792127
1.6259756148491882,2470.762080118886
1.6306345707656615,2467.65108674594
1.6352935266821347,2464.5826676754186
1.639952482598608,2461.555977239117
1.6446114385150814,2458.5701914071396
1.6492703944315548,2455.6245071211524
1.6539293503480281,2452.7181416512576
1.6585883062645013,2449.85033197562
1.6632472621809746,2447.0203341818597
1.667906218097448,2444.227422889442
1.6725651740139214,2441.470890692228
1.6772241299303947,2438.7500476203386
1.6818830858468679,2436.0642206207012
1.6865420417633412,2433.412753055414
1.6912009976798146,2430.7950042173943
1.695859953596288,2428.2103488625144
1.7005189095127613,2425.6581767576718
1.7051778654292347,2423.1378922441836
1.7098368213457078,2420.648913815876
1.7144957772621812,2418.190673711357
1.7191547331786545,2415.762617519922
1.7238136890951279,2413.3642038006037
1.7284726450116012,2410.9949037137994
1.7331316009280744,2408.6542006651216
1.7377905568445478,2406.341589960899
1.7424495127610211,2404.056578475007
1.7471084686774945,2401.798684326506
1.7517674245939678,2399.5674365677805
1.756426380510441,2397.3623748827304
1.7610853364269143,2395.183049294672
1.7657442923433877,2393.029019883623
1.770403248259861,2390.899856512562
1.7750622041763344,2388.7951385624183
1.7797211600928076,2386.7144546754243
1.784380116009281,2384.6574025065493
1.7890390719257543,2382.6235884827292
1.7936980278422276,2380.612627569619
1.798356983758701,2378.624143045574
1.8030159396751742,2376.6577662826603
1.8076748955916475,2374.713136534363
1.8123338515081209,2372.7899007298693
1.8169928074245942,2370.8877132745947
1.8216517633410676,2369.0062358567775
1.8263107192575407,2367.1451372599695
1.830969675174014,2365.304093181134
1.8356286310904875,2363.4827860542428
1.8402875870069608,2361.680904879144
1.8449465429234342,2359.8981450555075
1.8496054988399073,2358.1342082217197
1.8542644547563807,2356.3888020985105
1.858923410672854,2354.66164033721
1.8635823665893274,2352.9524423724215
1.8682413225058008,2351.260933278998
1.872900278422274,2349.5868436331875
1.8775592343387473,2347.929909377759
1.8822181902552206,2346.2898716910677
1.886877146171694,2344.666476859802
1.8915361020881674,2343.059476155431
1.8961950580046407,2341.4686257141366
1.9008540139211139,2339.893686420135
1.9055129698375872,2338.3344237923156
1.9101719257540606,2336.7906078740343
1.914830881670534,2335.2620131260337
1.9194898375870073,2333.7484183222878
1.9241487935034804,2332.2496064487896
1.9288077494199538,2330.7653646050967
1.9334667053364272,2329.295483908616
1.9381256612529005,2327.8397594014896
1.942784617169374,2326.3979899600417
1.947443573085847,2324.9699782066564
1.9521025290023204,2323.5555304240806
1.9567614849187938,2322.1544564720134
1.9614204408352671,2320.7665697059383
1.9660793967517405,2319.3916868981287
1.9707383526682136,2318.029628160766
1.975397308584687,2316.6802168710856
1.9800562645011603,2315.3432795985136
1.9847152204176337,2314.0186460337027
1.989374176334107,2312.7061489194566
1.9940331322505802,2311.405623983439
1.9986920881670536,2310.116909872635
2.003351044083527,2308.8398480895194
2.00801,2307.574282929869
