x,lsf
0.0,270.278544084585
0.002002002002002002,271.3269901009527
0.004004004004004004,272.3814849962523
0.006006006006006006,273.4420748890552
0.008008008008008008,274.5088063333217
0.01001001001001001,275.58172632328365
0.012012012012012012,276.6608822983897
0.014014014014014014,277.74632214831513
0.016016016016016016,278.83809421803574
0.018018018018018018,279.9362473129687
0.02002002002002002,281.0408307041798
0.022022022022022022,282.15189413365914
0.024024024024024024,283.2694878196649
0.026026026026026026,284.39366246213757
0.028028028028028028,285.5244692481855
0.03003003003003003,286.66195985764136
0.03203203203203203,287.80618646869317
0.03403403403403403,288.9572017635882
0.036036036036036036,290.11505893441256
0.03803803803803804,291.2798116889477
0.04004004004004004,292.4515142566035
0.04204204204204204,293.63022139443086
0.044044044044044044,294.81598839321373
0.04604604604604605,296.00887108364213
0.04804804804804805,297.2089258425679
0.050050050050050046,298.41620959934323
0.05205205205205205,299.6307798422447
0.05405405405405406,300.8526946249828
0.056056056056056056,302.0820125732992
0.058058058058058054,303.3187928916523
0.06006006006006006,304.56309536999294
0.062062062062062065,305.8149803906317
0.06406406406406406,307.0745089351983
0.06606606606606606,308.3417425916962
0.06806806806806806,309.6167435616515
0.07007007007007007,310.8995746673601
0.07207207207207207,312.1902993592327
0.07407407407407407,313.4889817232397
0.07607607607607608,314.7956864884585
0.07807807807807808,316.11047903472297
0.08008008008008008,317.4334254003784
0.08208208208208208,318.7645922901423
0.08408408408408408,320.1040470830732
0.08608608608608609,321.4518578406498
0.08808808808808809,322.80809331496005
0.09009009009009009,324.1728229570048
0.0920920920920921,325.54611692511554
0.0940940940940941,326.9280460934884
0.0960960960960961,328.3186820608374
0.0980980980980981,329.7180971591673
0.10010010010010009,331.12636446266913
0.1021021021021021,332.54355779673926
0.1041041041041041,333.9697517471246
0.1061061061061061,335.40502166919646
0.10810810810810811,336.84944369735297
0.11011011011011011,338.3030947545553
0.11211211211211211,339.76605256199656
0.11411411411411411,341.2383956489076
0.11611611611611611,342.72020336250125
0.11811811811811812,344.2115558780568
0.12012012012012012,345.7125342091475
0.12212212212212212,347.22322021801375
0.12412412412412413,348.74369662608194
0.12612612612612611,350.2740470246355
0.12812812812812813,351.8143558856355
0.13013013013013014,353.3647085726986
0.13213213213213212,354.9251913522294
0.13413413413413414,356.4958914047138
0.13613613613613612,358.0768968361748
0.13813813813813813,359.66829668979193
0.14014014014014015,361.27018095768904
0.14214214214214213,362.8826405928916
0.14414414414414414,364.5057675214573
0.14614614614614616,366.1396546547821
0.14814814814814814,367.7843959020844
0.15015015015015015,369.44008618307174
0.15215215215215216,371.106821440791
0.15415415415415415,372.7846986546656
0.15615615615615616,374.47381585372455
0.15815815815815815,376.1742721300233
0.16016016016016016,377.8861676522631
0.16216216216216217,379.60960367960917
0.16416416416416416,381.34468257571154
0.16616616616616617,383.0915078229347
0.16816816816816815,384.8501840367947
0.17017017017017017,386.62081698061115
0.17217217217217218,388.4035135803765
0.17417417417417416,390.19838193984424
0.17617617617617617,392.0055313558433
0.1781781781781782,393.8250723338186
0.18018018018018017,395.6571166036053
0.18218218218218218,397.5017771354366
0.1841841841841842,399.3591681561929
0.18618618618618618,401.22940516589273
0.1881881881881882,403.11260495443366
0.19019019019019018,405.00888561858204
0.1921921921921922,406.91836657922187
0.1941941941941942,408.841168598861
0.1961961961961962,410.77741379940414
0.1981981981981982,412.72722568019464
0.20020020020020018,414.6907291363292
0.2022022022022022,416.66805047725165
0.2042042042042042,418.65931744562914
0.2062062062062062,420.664659236517
0.2082082082082082,422.6842065168159
0.21021021021021022,424.71809144502714
0.2122122122122122,426.7664476913092
0.21421421421421422,428.8294104578451
0.21621621621621623,430.90711649952004
0.2182182182182182,432.99970414492
0.22022022022022023,435.1073133176529
0.2222222222222222,437.2300855579999
0.22422422422422422,439.3681640449027
0.22622622622622623,441.5216936182905
0.22822822822822822,443.6908208017552
0.23023023023023023,445.8756938255792
0.23223223223223222,448.0764626501219
0.23423423423423423,450.2932789895721
0.23623623623623624,452.52629633607137
0.23823823823823823,454.7756699842164
0.24024024024024024,457.0415570559455
0.24224224224224225,459.32411652581584
0.24424424424424424,461.62350924668095
0.24624624624624625,463.9398979757702
0.24824824824824826,466.2734474011846
0.2502502502502503,468.6243241688083
0.25225225225225223,470.99269690964917
0.25425425425425424,473.3787362676131
0.25625625625625625,475.7826149277205
0.25825825825825827,478.20450764477243
0.2602602602602603,480.6445912724746
0.26226226226226224,483.1030447930268
0.26426426426426425,485.5800493471874
0.26626626626626626,488.0757882648189
0.2682682682682683,490.59044709592644
0.2702702702702703,493.12421364219404
0.27227227227227224,495.6772779890306
0.27427427427427425,498.24983253813406
0.27627627627627627,500.8420720405812
0.2782782782782783,503.45419363045573
0.2802802802802803,506.08639685901994
0.2822822822822823,508.7388837294443
0.28428428428428426,511.41185873210173
0.2862862862862863,514.1055288804381
0.2882882882882883,516.8201037474284
0.2902902902902903,519.5557955026314
0.2922922922922923,522.3128189498487
0.29429429429429427,525.091391565406
0.2962962962962963,527.8917335370614
0.2982982982982983,530.7140678035571
0.3003003003003003,533.5586200948208
0.3023023023023023,536.4256189728342
0.30430430430430433,539.3152958731775
0.3063063063063063,542.2278851472626
0.3083083083083083,545.1636241052673
0.3103103103103103,548.122753059785
0.3123123123123123,551.1055153702008
0.31431431431431434,554.1121574878073
0.3163163163163163,557.1429290016772
0.3183183183183183,560.1980826853014
0.3203203203203203,563.2778745440094
0.32232232232232233,566.382563863187
0.32432432432432434,569.5124132573042
0.3263263263263263,572.6676887197693
0.3283283283283283,575.8486596736243
0.3303303303303303,579.0555990230954
0.33233233233233234,582.2887832060176
0.33433433433433435,585.5484922471468
0.3363363363363363,588.835009812377
0.3383383383383383,592.1486232638791
0.34034034034034033,595.4896237161781
0.34234234234234234,598.858306093186
0.34434434434434436,602.2549691862089
0.34634634634634637,605.6799157129464
0.3483483483483483,609.1334523775
0.35035035035035034,612.6158899314114
0.35235235235235235,616.1275432357473
0.35435435435435436,619.6687313242548
0.3563563563563564,623.2397774676012
0.35835835835835833,626.8410092387231
0.36036036036036034,630.4727585793044
0.36236236236236236,634.1353618674013
0.36436436436436437,637.8291599862414
0.3663663663663664,641.5544983942135
0.3683683683683684,645.3117271960734
0.37037037037037035,649.1012012153865
0.37237237237237236,652.9232800682327
0.3743743743743744,656.778328238195
0.3763763763763764,660.666715152657
0.3783783783783784,664.5888152604343
0.38038038038038036,668.5450081107614
0.38238238238238237,672.5356784336668
0.3843843843843844,676.5612162217524
0.3863863863863864,680.6220168134138
0.3883883883883884,684.7184809775201
0.39039039039039036,688.8510149995851
0.3923923923923924,693.0200307694582
0.3943943943943944,697.2259458705602
0.3963963963963964,701.4691836706965
0.3983983983983984,705.7501734144756
0.40040040040040037,710.069350317362
0.4024024024024024,714.4271556613982
0.4044044044044044,718.8240368926204
0.4064064064064064,723.2604477202085
0.4084084084084084,727.7368482173946
0.41041041041041043,732.2537049241666
0.4124124124124124,736.8114909518024
0.4144144144144144,741.4106860892671
0.4164164164164164,746.0517769115048
0.4184184184184184,750.7352568896686
0.42042042042042044,755.4616265033155
0.4224224224224224,760.2313933546111
0.4244244244244244,765.0450722845775
0.4264264264264264,769.9031854914219
0.42842842842842843,774.8062626509884
0.43043043043043044,779.7548410393674
0.43243243243243246,784.7494656577081
0.4344344344344344,789.790689359273
0.4364364364364364,794.8790729787735
0.43843843843843844,800.0151854640326
0.44044044044044045,805.1996040100162
0.44244244244244246,810.4329141952765
0.4444444444444444,815.7157101208542
0.44644644644644643,821.048594551681
0.44844844844844844,826.4321790605331
0.45045045045045046,831.8670841745763
0.45245245245245247,837.3539395245596
0.4544544544544544,842.8933839966953
0.45645645645645644,848.4860658872831
0.45845845845845845,854.1326430601225
0.46046046046046046,859.8337831067673
0.4624624624624625,865.5901635096725
0.46446446446446443,871.4024718082877
0.46646646646646645,877.2714057681472
0.46846846846846846,883.1976735530116
0.47047047047047047,889.1819939001172
0.4724724724724725,895.2250962985876
0.4744744744744745,901.3277211710637
0.47647647647647645,907.4906200586075
0.47847847847847846,913.7145558089427
0.4804804804804805,920.0003027680813
0.4824824824824825,926.3486469754068
0.4844844844844845,932.7603863622683
0.48648648648648646,939.236330954142
0.48848848848848847,945.7773030764318
0.4904904904904905,952.384137563962
0.4924924924924925,959.0576819742317
0.4944944944944945,965.7987968044913
0.4964964964964965,972.608355712705
0.4984984984984985,979.4872457424666
0.5005005005005005,986.4363675519342
0.5025025025025025,993.4566356468447
0.5045045045045045,1000.5489786176869
0.5065065065065065,1007.714339381085
0.5085085085085085,1014.9536754254735
0.5105105105105106,1022.2679590611257
0.5125125125125125,1029.6581776746032
0.5145145145145145,1037.1253339877032
0.5165165165165165,1044.6704463209626
0.5185185185185185,1052.2945488617968
0.5205205205205206,1059.9986919373405
0.5225225225225225,1067.7839422920597
0.5245245245245245,1075.6513833702072
0.5265265265265265,1083.6021156031907
0.5285285285285285,1091.6372567019205
0.5305305305305306,1099.757941954219
0.5325325325325325,1107.965324527341
0.5345345345345345,1116.2605757756985
0.5365365365365365,1124.6448855538385
0.5385385385385385,1133.1194625347557
0.5405405405405406,1141.6855345336025
0.5425425425425425,1150.3443488368625
0.5445445445445445,1159.0971725370607
0.5465465465465466,1167.945292873065
0.5485485485485485,1176.8900175760505
0.5505505505505506,1185.9326752211916
0.5525525525525525,1195.074615585132
0.5545545545545546,1204.3172100093052
0.5565565565565566,1213.6618517691504
0.5585585585585585,1223.1099564492936
0.5605605605605606,1232.6629623247297
0.5625625625625625,1242.3223307480705
0.5645645645645646,1252.0895465429005
0.5665665665665666,1261.9661184032814
0.5685685685685685,1271.9535792994548
0.5705705705705706,1282.0534868897723
0.5725725725725725,1292.2674239388891
0.5745745745745746,1302.5969987422554
0.5765765765765766,1313.0438455569179
0.5785785785785785,1323.6096250386652
0.5805805805805806,1334.2960246855193
0.5825825825825826,1345.1047592875825
0.5845845845845846,1356.037571383253
0.5865865865865866,1367.0962317217811
0.5885885885885885,1378.2825397321797
0.5905905905905906,1389.5983239984469
0.5925925925925926,1401.0454427410787
0.5945945945945946,1412.6257843048443
0.5965965965965966,1424.341267652753
0.5985985985985985,1436.1938428661804
0.6006006006006006,1448.185491651062
0.6026026026026026,1460.3182278500879
0.6046046046046046,1472.5940979608001
0.6066066066066066,1485.015181659481
0.6086086086086087,1497.5835923307209
0.6106106106106106,1510.3014776025136
0.6126126126126126,1523.1710198867463
0.6146146146146146,1536.1944369248947
0.6166166166166166,1549.3739823387414
0.6186186186186187,1562.71194618592
0.6206206206206206,1576.2106555200357
0.6226226226226226,1589.8724749551282
0.6246246246246246,1603.699807234199
0.6266266266266266,1617.695093801491
0.6286286286286287,1631.8608153782225
0.6306306306306306,1646.1994925413892
0.6326326326326326,1660.7136863052829
0.6346346346346347,1675.4059987052904
0.6366366366366366,1690.279073383533
0.6386386386386387,1705.3355961758782
0.6406406406406406,1720.578295699776
0.6426426426426426,1736.009943942395
0.6446446446446447,1751.6333568484333
0.6466466466466466,1767.451394906972
0.6486486486486487,1783.4669637366906
0.6506506506506506,1799.6830146686837
0.6526526526526526,1816.1025453261195
0.6546546546546547,1832.7286001998693
0.6566566566566566,1849.5642712192216
0.6586586586586587,1866.6126983167262
0.6606606606606606,1883.8770699861188
0.6626626626626626,1901.3606238322664
0.6646646646646647,1919.0666471119425
0.6666666666666666,1936.9984772642097
0.6686686686686687,1955.159502429095
0.6706706706706707,1973.5531619531469
0.6726726726726726,1992.1829468804044
0.6746746746746747,2011.0524004271924
0.6766766766766766,2030.1651184390635
0.6786786786786787,2049.5247498281324
0.6806806806806807,2069.134996988899
0.6826826826826827,2088.999616190588
0.6846846846846847,2109.1224179438755
0.6866866866866866,2129.5072673397904
0.6886886886886887,2150.1580843584165
0.6906906906906907,2171.0788441448885
0.6926926926926927,2192.2735772500746
0.6946946946946947,2213.746369833115
0.6966966966966966,2235.5013638229043
0.6986986986986987,2257.5427570354
0.7007007007007007,2279.874803243458
0.7027027027027027,2302.5018121957746
0.7047047047047047,2325.4281495812497
0.7067067067067067,2348.6582369349626
0.7087087087087087,2372.1965514816843
0.7107107107107107,2396.0476259126845
0.7127127127127127,2420.2160480913553
0.7147147147147147,2444.706460682908
0.7167167167167167,2469.5235607032214
0.7187187187187187,2494.6720989815954
0.7207207207207207,2520.1568795319604
0.7227227227227228,2545.9827588267885
0.7247247247247247,2572.154644967659
0.7267267267267267,2598.6774967461815
0.7287287287287287,2625.5563225886085
0.7307307307307307,2652.796179377197
0.7327327327327328,2680.402171141056
0.7347347347347347,2708.3794476088137
0.7367367367367368,2736.733202615173
0.7387387387387387,2765.4686723529653
0.7407407407407407,2794.591133462035
0.7427427427427428,2824.105900945803
0.7447447447447447,2854.018325906018
0.7467467467467468,2884.333793085801
0.7487487487487487,2915.0577182105926
0.7507507507507507,2946.1955451162926
0.7527527527527528,2977.7527426533256
0.7547547547547547,3009.7348013549913
0.7567567567567568,3042.1472298579856
0.7587587587587588,3074.9955510624577
0.7607607607607607,3108.285298018589
0.7627627627627628,3142.022009526084
0.7647647647647647,3176.2112254325784
0.7667667667667668,3210.858481616434
0.7687687687687688,3245.9693046388757
0.7707707707707707,3281.549206050012
0.7727727727727728,3317.603676332711
0.7747747747747747,3354.1381784678697
0.7767767767767768,3391.1581411041566
0.7787787787787788,3428.668951314774
0.7807807807807807,3466.6759469234275
0.7827827827827828,3505.1844083812002
0.7847847847847848,3544.199550175614
0.7867867867867868,3583.7265117528614
0.7887887887887888,3623.7703479337
0.7907907907907907,3664.3360188033525
0.7927927927927928,3705.428379055327
0.7947947947947948,3747.0521667689536
0.7967967967967968,3789.211991600248
0.7987987987987988,3831.912322365529
0.8008008008008007,3875.1574739973203
0.8028028028028028,3918.95159385197
0.8048048048048048,3963.298647348624
0.8068068068068068,4008.2024029194595
0.8088088088088088,4053.6664162512857
0.8108108108108109,4099.694013799255
0.8128128128128128,4146.288275553835
0.8148148148148148,4193.452017043091
0.8168168168168168,4241.187770553068
0.8188188188188188,4289.497765550226
0.8208208208208209,4338.383908291103
0.8228228228228228,4387.847760605737
0.8248248248248248,4437.89051784322
0.8268268268268268,4488.512985969424
0.8288288288288288,4539.715557809276
0.8308308308308309,4591.498188428247
0.8328328328328328,4643.860369650444
0.8348348348348348,4696.8011037137285
0.8368368368368369,4750.318876065491
0.8388388388388388,4804.411627306484
0.8408408408408409,4859.076724294047
0.8428428428428428,4914.310930420425
0.8448448448448448,4970.110375086723
0.8468468468468469,5026.4705223981
0.8488488488488488,5083.3861391115015
0.8508508508508509,5140.851261873222
0.8528528528528528,5198.859163789977
0.8548548548548548,5257.402320384266
0.8568568568568569,5316.472374991989
0.8588588588588588,5376.060103668274
0.8608608608608609,5436.155379675766
0.8628628628628628,5496.747137638318
0.8648648648648649,5557.823337452404
0.8668668668668669,5619.370928058079
0.8688688688688688,5681.375811181583
0.8708708708708709,5743.8228051720225
0.8728728728728729,5806.695609065518
0.8748748748748749,5869.976767021384
0.8768768768768769,5933.647633286305
0.8788788788788788,5997.688337854261
0.8808808808808809,6062.077753001716
0.8828828828828829,6126.79346088952
0.8848848848848849,6191.811722435015
0.8868868868868869,6257.107447669443
0.8888888888888888,6322.65416780763
0.8908908908908909,6388.424009268
0.8928928928928929,6454.387669891935
0.8948948948948949,6520.514397621777
0.8968968968968969,6586.771971906153
0.8988988988988988,6653.1266881101665
0.9009009009009009,6719.543345215703
0.9029029029029029,6785.98523710446
0.9049049049049049,6852.414147724581
0.9069069069069069,6918.790350455364
0.9089089089089089,6985.072612017913
0.9109109109109109,7051.218201371873
0.9129129129129129,7117.182904300149
0.914914914914915,7182.921045107291
0.9169169169169169,7248.385518799318
0.9189189189189189,7313.527842162879
0.9209209209209209,7378.298244882883
0.9229229229229229,7442.6458528870235
0.924924924924925,7506.519089506314
0.9269269269269269,7569.866588029583
0.9289289289289289,7632.639281208227
0.9309309309309309,7694.7951295507955
0.9329329329329329,7756.309596578019
0.934934934934935,7817.198262915192
0.9369369369369369,7877.564280619751
0.938938938938939,7937.6950279083985
0.9409409409409409,7998.252995748348
0.9429429429429429,8060.641003627379
0.944944944944945,8127.67853189463
0.9469469469469469,8204.812824044197
0.948948948948949,8302.213541238616
0.950950950950951,8438.266979388105
0.9529529529529529,8645.188348660593
0.954954954954955,8977.681721808733
0.9569569569569569,9525.73985674364
0.958958958958959,10432.693541252318
0.960960960960961,11919.354424732248
0.9629629629629629,14314.380333341163
0.964964964964965,18089.66935565843
0.9669669669669669,23897.57075586119
0.968968968968969,32604.055628470946
0.970970970970971,45309.0337078993
0.9729729729729729,63342.359400402216
0.974974974974975,88222.66229893782
0.9769769769769769,121567.05841039655
0.978978978978979,164944.0486608058
0.980980980980981,219670.0232813671
0.9829829829829829,286561.4246974924
0.984984984984985,365668.2720602072
0.986986986986987,456027.7224314737
0.988988988988989,555485.1209838678
0.990990990990991,660631.0196579285
0.992992992992993,766893.3848223211
0.994994994994995,868804.2084146192
0.996996996996997,960431.2766023962
0.998998998998999,1035933.9543311971
1.001001001001001,1090173.370213059
1.003003003003003,1119289.404986041
1.005005005005005,1121154.735989158
1.007007007007007,1095631.795733978
1.009009009009009,1044589.5439353129
1.011011011011011,971677.21359011
1.013013013013013,881893.0659437337
1.015015015015015,781018.9090779064
1.017017017017017,675009.052565515
1.019019019019019,569422.5919921402
1.021021021021021,468971.82001848833
1.023023023023023,377232.1073303881
1.025025025025025,296526.7386363911
1.027027027027027,227970.9188980207
1.029029029029029,171637.82089699229
1.031031031031031,126798.80762896006
1.033033033033033,92189.71511708893
1.035035035035035,66263.00993416953
1.037037037037037,47398.257610333574
1.039039039039039,34057.07812784088
1.0410410410410411,24880.78602577942
1.043043043043043,18737.543010809633
1.045045045045045,14730.60626820448
1.047047047047047,12180.573362470936
1.049049049049049,10593.365822812337
1.0510510510510511,9623.15730976348
1.053053053053053,9036.494441367664
1.055055055055055,8681.146416491585
1.057057057057057,8461.108238542183
1.059059059059059,8317.768463271303
1.0610610610610611,8216.463919871534
1.063063063063063,8137.327590406025
1.065065065065065,8069.323984279545
1.067067067067067,8006.515947688153
1.069069069069069,7945.815542145663
1.0710710710710711,7885.677393189517
1.073073073073073,7825.365624835042
1.075075075075075,7764.556234692094
1.077077077077077,7703.128363208562
1.079079079079079,7641.058155816166
1.0810810810810811,7578.366438355154
1.083083083083083,7515.093683408482
1.085085085085085,7451.288371130919
1.087087087087087,7387.001718302571
1.089089089089089,7322.285343309249
1.0910910910910911,7257.190245574433
1.093093093093093,7191.766358000687
1.095095095095095,7126.062343987034
1.097097097097097,7060.125497951098
1.0990990990990992,6994.00169051225
1.1011011011011012,6927.735334426434
1.103103103103103,6861.369361737822
1.105105105105105,6794.945208343282
1.107107107107107,6728.50280437875
1.1091091091091092,6662.080569665166
1.1111111111111112,6595.715413752161
1.1131131131131131,6529.442740204051
1.115115115115115,6463.296454810858
1.117117117117117,6397.308977422072
1.1191191191191192,6331.511257109582
1.1211211211211212,6265.932790373501
1.1231231231231231,6200.601642112224
1.125125125125125,6135.544469086867
1.127127127127127,6070.786545619397
1.1291291291291292,6006.351791274085
1.1311311311311312,5942.2628002826805
1.1331331331331331,5878.540872484793
1.135135135135135,5815.20604556684
1.137137137137137,5752.277128394432
1.1391391391391392,5689.771735245149
1.1411411411411412,5627.706320760601
1.1431431431431431,5566.096215448364
1.145145145145145,5504.955661576376
1.147147147147147,5444.297849313584
1.1491491491491492,5384.134952982044
1.1511511511511512,5324.478167296556
1.1531531531531531,5265.337743478337
1.155155155155155,5206.723025139595
1.157157157157157,5148.642483845419
1.1591591591591592,5091.103754268764
1.1611611611611612,5034.1136688631905
1.1631631631631631,4977.678291986263
1.165165165165165,4921.802953414618
1.167167167167167,4866.492281199002
1.1691691691691692,4811.750233814606
1.1711711711711712,4757.580131568645
1.1731731731731732,4703.9846872330045
1.1751751751751751,4650.966035875731
1.177177177177177,4598.525763870059
1.1791791791791792,4546.66493706469
1.1811811811811812,4495.384128103437
1.1831831831831832,4444.683442886265
1.1851851851851851,4394.5625461676755
1.187187187187187,4345.020686291572
1.1891891891891893,4296.056719064803
1.1911911911911912,4247.669130774414
1.1931931931931932,4199.856060355883
1.1951951951951951,4152.615320722044
1.197197197197197,4105.944419264119
1.1991991991991993,4059.840577538034
1.2012012012012012,4014.3007501507527
1.2032032032032032,3969.32164286244
1.2052052052052051,3924.8997299215853
1.207207207207207,3881.0312706509208
1.2092092092092093,3837.7123253028503
1.2112112112112112,3794.938770203661
1.2132132132132132,3752.7063122062273
1.2152152152152151,3711.010502471391
1.2172172172172173,3669.846749598298
1.2192192192192193,3629.210332124234
1.2212212212212212,3589.096410414437
1.2232232232232232,3549.500037962501
1.2252252252252251,3510.4161721217274
1.2272272272272273,3471.8396842876987
1.2292292292292293,3433.7653695521635
1.2312312312312312,3396.187955847939
1.2332332332332332,3359.1021126043825
1.2352352352352352,3322.502458932506
1.2372372372372373,3286.383571358497
1.2392392392392393,3250.739991124002
1.2412412412412412,3215.5662310710413
1.2432432432432432,3180.8567821290894
1.2452452452452452,3146.6061194212775
1.2472472472472473,3112.8087080062724
1.2492492492492493,3079.4590082719083
1.2512512512512513,3046.5514809960737
1.2532532532532532,3014.080592090031
1.2552552552552552,2982.040817038683
1.2572572572572573,2950.426645051915
1.2592592592592593,2919.232582940652
1.2612612612612613,2888.4531587307
1.2632632632632632,2858.0829250271167
1.2652652652652652,2828.116462141231
1.2672672672672673,2798.5483809920615
1.2692692692692693,2769.3733257934373
1.2712712712712713,2740.5859765375817
1.2732732732732732,2712.181051285634
1.2752752752752752,2684.1533082750357
1.2772772772772774,2656.4975478533493
1.2792792792792793,2629.2086142476974
1.2812812812812813,2602.2813971785326
1.2832832832832832,2575.7108333262104
1.2852852852852852,2549.491907658325
1.2872872872872874,2523.619654625513
1.2892892892892893,2498.0891592330513
1.2912912912912913,2472.895557995222
1.2932932932932932,2448.0340397791606
1.2952952952952952,2423.4998465445183
1.2972972972972974,2399.288273985038
1.2992992992992993,2375.3946720778226
1.3013013013013013,2351.8144455457777
1.3033033033033032,2328.5430542385293
1.3053053053053052,2305.576013436759
1.3073073073073074,2282.9088940847287
1.3093093093093093,2260.537322955517
1.3113113113113113,2238.4569827532127
1.3133133133133132,2216.6636121562046
1.3153153153153152,2195.15300580539
1.3173173173173174,2173.921014240982
1.3193193193193193,2152.9635437914226
1.3213213213213213,2132.2765564176607
1.3233233233233233,2111.8560695159786
1.3253253253253252,2091.6981556822916
1.3273273273273274,2071.7989424407506
1.3293293293293293,2052.15461193931
1.3313313313313313,2032.7614006147485
1.3333333333333333,2013.615598829567
1.3353353353353352,1994.7135504829776
1.3373373373373374,1976.051652598125
1.3393393393393394,1957.6263548875518
1.3413413413413413,1939.43415929878
1.3433433433433433,1921.4716195418314
1.3453453453453452,1903.7353406003465
1.3473473473473474,1886.221978227901
1.3493493493493494,1868.9282384310263
1.3513513513513513,1851.8508769403156
1.3533533533533533,1834.9866986709794
1.3553553553553555,1818.3325571740713
1.3573573573573574,1801.8853540795747
1.3593593593593594,1785.6420385324227
1.3613613613613613,1769.5996066225275
1.3633633633633633,1753.755100809752
1.3653653653653655,1738.1056093447496
1.3673673673673674,1722.648265686527
1.3693693693693694,1707.3802479175022
1.3713713713713713,1692.2987781568359
1.3733733733733733,1677.401121972708
1.3753753753753755,1662.684587794192
1.3773773773773774,1648.1465263233454
1.3793793793793794,1633.7843299480514
1.3813813813813813,1619.5954321561696
1.3833833833833833,1605.577306951459
1.3853853853853855,1591.72746827173
1.3873873873873874,1578.043469409652
1.3893893893893894,1564.522902436584
1.3913913913913913,1551.1633976298087
1.3933933933933933,1537.962622903482
1.3953953953953955,1524.9182832436059
1.3973973973973974,1512.028120147308
1.3993993993993994,1499.2899110666638
1.4014014014014013,1486.7014688573183
1.4034034034034033,1474.2606412320965
1.4054054054054055,1461.9653102198072
1.4074074074074074,1449.8133916294107
1.4094094094094094,1437.8028345196913
1.4114114114114114,1425.9316206746005
1.4134134134134133,1414.1977640843704
1.4154154154154155,1402.599310432519
1.4174174174174174,1391.1343365888415
1.4194194194194194,1379.8009501084607
1.4214214214214214,1368.5972887370247
1.4234234234234233,1357.5215199220963
1.4254254254254255,1346.5718403307928
1.4274274274274275,1335.746475373713
1.4294294294294294,1325.0436787351734
1.4314314314314314,1314.461731909793
1.4334334334334333,1303.9989437454253
1.4354354354354355,1293.65364999245
1.4374374374374375,1283.4242128594276
1.4394394394394394,1273.3090205750948
1.4414414414414414,1263.3064869567106
1.4434434434434433,1253.4150509847161
1.4454454454454455,1243.6331763836918
1.4474474474474475,1233.9593512095862
1.4494494494494494,1224.3920874431733
1.4514514514514514,1214.9299205897157
1.4534534534534533,1205.571409284782
1.4554554554554555,1196.3151349061782
1.4574574574574575,1187.1597011919512
1.4594594594594594,1178.1037338643987
1.4614614614614614,1169.145880260054
1.4634634634634633,1160.284808965575
1.4654654654654655,1151.5192094594836
1.4674674674674675,1142.847791759707
1.4694694694694694,1134.2692860768352
1.4714714714714714,1125.782442473064
1.4734734734734736,1117.3860305267337
1.4754754754754755,1109.0788390024154
1.4774774774774775,1100.8596755264634
1.4794794794794794,1092.7273662679825
1.4814814814814814,1084.6807556251308
1.4834834834834836,1076.7187059166959
1.4854854854854855,1068.840097078873
1.4874874874874875,1061.0438263671706
1.4894894894894894,1053.3288080633847
1.4914914914914914,1045.6939731875639
1.4934934934934936,1038.1382692148934
1.4954954954954955,1030.6606597974383
1.4974974974974975,1023.2601244906589
1.4994994994994995,1015.9356584846433
1.5015015015015014,1008.6862723399836
1.5035035035035036,1001.5109917282157
1.5055055055055055,994.4088571767717
1.5075075075075075,987.3789238183538
1.5095095095095095,980.4202611446806
1.5115115115115114,973.5319527645248
1.5135135135135136,966.7130961659801
1.5155155155155156,959.9628024828892
1.5175175175175175,953.28019626536
1.5195195195195195,946.6644152543143
1.5215215215215214,940.1146101599956
1.5235235235235236,933.6299444443696
1.5255255255255256,927.2095941073643
1.5275275275275275,920.852747476867
1.5295295295295295,914.558605002433
1.5315315315315314,908.3263790526363
1.5335335335335336,902.1552937159962
1.5355355355355356,896.0445846054297
1.5375375375375375,889.9934986661551
1.5395395395395395,884.0012939870027
1.5415415415415414,878.0672396150628
1.5435435435435436,872.1906153736171
1.5455455455455456,866.3707116832999
1.5475475475475475,860.6068293864205
1.5495495495495495,854.8982795744088
1.5515515515515514,849.2443834183158
1.5535535535535536,843.6444720023188
1.5555555555555556,838.0978861601833
1.5575575575575575,832.6039763146167
1.5595595595595595,827.1621023194788
1.5615615615615615,821.7716333047839
1.5635635635635636,816.4319475244519
1.5655655655655656,811.1424322067595
1.5675675675675675,805.9024834074361
1.5695695695695695,800.711505865366
1.5715715715715715,795.5689128608435
1.5735735735735736,790.4741260763363
1.5755755755755756,785.4265754597155
1.5775775775775776,780.4256990898978
1.5795795795795795,775.4709430448688
1.5815815815815815,770.561761272034
1.5835835835835836,765.6976154608595
1.5855855855855856,760.877974917763
1.5875875875875876,756.1023164432047
1.5895895895895895,751.3701242109493
1.5915915915915915,746.6808896494528
1.5935935935935936,742.0341113253363
1.5955955955955956,737.4292948289099
1.5975975975975976,732.865952661705
1.5995995995995995,728.3436041259852
1.6016016016016015,723.8617752161927
1.6036036036036037,719.419998512298
1.6056056056056056,715.0178130750191
1.6076076076076076,710.65476434287
1.6096096096096095,706.3304040310119
1.6116116116116117,702.04429003187
1.6136136136136137,697.7959863174856
1.6156156156156156,693.585062843566
1.6176176176176176,689.4110954552091
1.6196196196196195,685.2736657942663
1.6216216216216217,681.1723612083147
1.6236236236236237,677.1067746612102
1.6256256256256256,673.0765046451902
1.6276276276276276,669.0811550944981
1.6296296296296295,665.1203353005045
1.6316316316316317,661.1936598282923
1.6336336336336337,657.3007484346846
1.6356356356356356,653.4412259876801
1.6376376376376376,649.6147223872823
1.6396396396396395,645.8208724876858
1.6416416416416417,642.0593160208002
1.6436436436436437,638.329697521088
1.6456456456456456,634.6316662516857
1.6476476476476476,630.9648761317939
1.6496496496496496,627.3289856653055
1.6516516516516517,623.7236578706525
1.6536536536536537,620.1485602118502
1.6556556556556556,616.6033645307119
1.6576576576576576,613.0877469802192
1.6596596596596596,609.6013879590218
1.6616616616616617,606.1439720470482
1.6636636636636637,602.7151879422076
1.6656656656656657,599.3147283981592
1.6676676676676676,595.9422901631357
1.6696696696696696,592.5975739197959
1.6716716716716717,589.2802842260903
1.6736736736736737,585.9901294571239
1.6756756756756757,582.7268217479892
1.6776776776776776,579.4900769375633
1.6796796796796796,576.279614513243
1.6816816816816818,573.095157556604
1.6836836836836837,569.936432689969
1.6856856856856857,566.8031700238629
1.6876876876876876,563.6951031053461
1.6896896896896896,560.6119688672039
1.6916916916916918,557.5535075779811
1.6936936936936937,554.5194627928424
1.6956956956956957,551.5095813052475
1.6976976976976976,548.5236130994226
1.6996996996996996,545.5613113036186
1.7017017017017018,542.6224321441352
1.7037037037037037,539.7067349001061
1.7057057057057057,536.8139818590206
1.7077077077077076,533.943938272979
1.7097097097097096,531.0963723156623
1.7117117117117118,528.2710550400042
1.7137137137137137,525.4677603365558
1.7157157157157157,522.6862648925265
1.7177177177177176,519.926348151492
1.7197197197197196,517.1877922737567
1.7217217217217218,514.4703820973587
1.7237237237237237,511.77390509970655
1.7257257257257257,509.0981513598344
1.7277277277277276,506.4429135212676
1.7297297297297298,503.80798675548607
1.7317317317317318,501.1931687259767
1.7337337337337337,498.59825955286
1.7357357357357357,496.02306177808634
1.7377377377377377,493.4673803311893
1.7397397397397398,490.93102249558416
1.7417417417417418,488.4137978754079
1.7437437437437437,485.915518362882
1.7457457457457457,483.4359981061998
1.7477477477477477,480.97505347791974
1.7497497497497498,478.532503043862
1.7517517517517518,476.10816753249605
1.7537537537537538,473.7018698048119
1.7557557557557557,471.31343482466747
1.7577577577577577,468.94268962960166
1.7597597597597598,466.58946330210694
1.7617617617617618,464.25358694135423
1.7637637637637638,461.934893635357
1.7657657657657657,459.6332184335747
1.7677677677677677,457.348398319942
1.7697697697697699,455.08027218631923
1.7717717717717718,452.82868080635603
1.7737737737737738,450.59346680975995
1.7757757757757757,448.3744746569664
1.7777777777777777,446.17155061419913
1.7797797797797799,443.9845427289165
1.7817817817817818,441.8133008056387
1.7837837837837838,439.65767638214356
1.7857857857857857,437.5175227060326
1.7877877877877877,435.3926947116545
1.7897897897897899,433.2830489973831
1.7917917917917918,431.188443803244
1.7937937937937938,429.108738988881
1.7957957957957957,427.0437960118606
1.7977977977977977,424.99347790630605
1.7997997997997999,422.95764926185603
1.8018018018018018,420.93617620294395
1.8038038038038038,418.92892636838906
1.8058058058058057,416.93576889129804
1.8078078078078077,414.9565743792696
1.8098098098098099,412.9912148948969
1.8118118118118118,411.0395639365651
1.8138138138138138,409.10149641953456
1.8158158158158157,407.17688865731054
1.8178178178178177,405.26561834329056
1.8198198198198199,403.36756453268566
1.8218218218218218,401.4826076247134
1.8238238238238238,399.6106293450534
1.8258258258258258,397.75151272856573
1.8278278278278277,395.9051421022653
1.82982982982983,394.07140306854853
1.8318318318318318,392.250182488669
1.8338338338338338,390.44136846645523
1.8358358358358358,388.6448503322707
1.8378378378378377,386.86051862720893
1.83983983983984,385.08826508752077
1.8418418418418419,383.327982629271
1.8438438438438438,381.5795653332183
1.8458458458458458,379.8429084299175
1.8478478478478477,378.1179082850386
1.84984984984985,376.40446238490017
1.8518518518518519,374.7024693222134
1.8538538538538538,373.01182878203156
1.8558558558558558,371.3324415279054
1.8578578578578577,369.6642093882377
1.85985985985986,368.0070352428346
1.8618618618618619,366.36082300965273
1.8638638638638638,364.72547763173435
1.8658658658658658,363.1009050643331
1.867867867867868,361.48701226222255
1.86986986986987,359.88370716718816
1.8718718718718719,358.2908986956963
1.8738738738738738,356.708496726741
1.8758758758758758,355.1364120898628
1.877877877877878,353.5745565533389
1.87987987987988,352.0228428125409
1.8818818818818819,350.4811844784568
1.8838838838838838,348.9494960663766
1.8858858858858858,347.42769298473735
1.887887887887888,345.9156915241255
1.88988988988989,344.41340884643495
1.8918918918918919,342.92076297417555
1.8938938938938938,341.43767277993436
1.8958958958958958,339.96405797598266
1.897897897897898,338.499839104029
1.8998998998999,337.044937525116
1.901901901901902,335.5992754096565
1.9039039039039038,334.16277572761
1.9059059059059058,332.7353622387946
1.907907907907908,331.3169594833339
1.90990990990991,329.90749277223637
1.911911911911912,328.5068881781037
1.9139139139139139,327.11507252596914
1.9159159159159158,325.7319733842611
1.917917917917918,324.357519055891
1.91991991991992,322.99163856946456
1.921921921921922,321.6342616706119
1.9239239239239239,320.285318813438
1.9259259259259258,318.94474115208857
1.927927927927928,317.6124605324324
1.92992992992993,316.28840948385624
1.931931931931932,314.9725212111706
1.9339339339339339,313.6647295866267
1.9359359359359358,312.3649691420409
1.937937937937938,311.0731750610258
1.93993993993994,309.78928317132664
1.941941941941942,308.51322993725995
1.9439439439439439,307.24495245225546
1.9459459459459458,305.98438843149717
1.947947947947948,304.73147620466335
1.94994994994995,303.4861547087648
1.951951951951952,302.248363481077
1.9539539539539539,301.01804265216833
1.9559559559559558,299.7951329390203
1.957957957957958,298.5795756382396
1.95995995995996,297.3713126193608
1.961961961961962,296.1702863182365
1.9639639639639639,294.97643973051674
1.9659659659659658,293.7897164052132
1.967967967967968,292.61006043834914
1.96996996996997,291.43741646669304
1.971971971971972,290.27172966157383
1.973973973973974,289.1129457227784
1.9759759759759759,287.96101087252845
1.977977977977978,286.8158718495361
1.97997997997998,285.6774759031384
1.981981981981982,284.545770787506
1.983983983983984,283.42070475593
1.985985985985986,282.3022265551807
1.987987987987988,281.1902854199418
1.98998998998999,280.08483106731455
1.991991991991992,278.98581369139447
1.993993993993994,277.8931839579179
1.995995995995996,276.8068929989772
1.997997997997998,275.72689240780466
2.0,274.6531342336224
