x_mm,p1,p2,p3,p4,p5,p6,p7,p8,p9,p10
0.000,13241.878,13679.857,13892.851,14172.982,14616.080,14784.142,14786.453,14702.107,14446.596,14132.440
0.007,13205.283,13628.180,13993.935,14151.248,14562.751,14667.179,14865.320,14654.859,14493.996,14152.106
0.014,13204.755,13636.191,14020.593,14040.540,14513.155,14616.638,14969.557,14675.039,14598.896,14168.704
0.022,13221.478,13633.527,13979.122,13973.573,14503.540,14725.538,14881.914,14694.205,14713.575,14098.594
0.029,13162.295,13585.239,13965.679,14053.198,14472.953,14714.046,14779.086,14699.136,14707.198,14043.967
0.036,13086.116,13522.339,14086.040,14203.360,14479.399,14678.748,14763.627,14588.098,14622.135,14102.855
0.043,13002.913,13565.859,14076.836,14192.705,14523.082,14616.623,14811.656,14541.248,14495.706,14121.640
0.051,13073.012,13590.812,14063.763,14272.742,14324.704,14617.079,14857.579,14512.501,14472.607,14220.514
0.058,13121.109,13584.013,13998.410,14291.507,14293.472,14692.298,14794.121,14391.299,14466.506,14252.508
0.065,13164.451,13463.679,14028.243,14316.255,14468.212,14721.399,14761.790,14307.387,14518.776,14306.161
0.072,13152.011,13429.153,13988.280,14269.798,14578.808,14694.370,14762.077,14241.524,14585.299,14330.339
0.079,13133.319,13442.563,14005.064,14216.217,14584.881,14666.806,14819.001,14414.504,14533.075,14284.608
0.087,13121.365,13406.006,14036.392,14276.986,14547.385,14594.093,14822.200,14562.037,14306.704,14269.508
0.094,13180.917,13366.731,14036.241,14356.565,14477.126,14647.708,14855.244,14596.787,14019.303,14287.904
0.101,13201.058,13465.868,13996.883,14333.534,14507.478,14676.362,14757.043,14631.706,13963.859,14249.769
0.108,13177.072,13399.153,13917.474,14314.993,14504.281,14749.816,14769.118,14570.412,14280.166,14294.136
0.115,13187.378,13411.182,13874.183,14279.293,14587.124,14813.952,14721.131,14554.073,14463.445,14333.166
0.123,13200.182,13397.282,13724.091,14279.076,14599.212,14840.357,14736.356,14558.731,14531.318,13974.904
0.130,13199.508,13382.860,13671.080,14274.374,14629.298,14824.234,14815.932,14639.559,14488.473,13999.852
0.137,13229.188,13318.084,13851.226,14237.641,14579.535,14762.630,14819.124,14636.458,14411.255,14175.630
0.144,13233.893,13423.015,13930.978,14219.161,14599.802,14680.337,14843.406,14560.667,14422.393,14154.283
0.152,13255.452,13412.119,13973.538,14252.932,14618.801,14689.594,14848.215,14556.663,14419.171,14186.780
0.159,13194.980,13449.047,13932.852,14008.491,14657.808,14712.200,14769.939,14511.791,14482.066,14256.377
0.166,13131.150,13452.156,13974.218,13908.987,14621.582,14776.178,14779.168,14569.634,14459.446,14232.151
0.173,13157.369,13489.597,13958.332,14042.197,14589.342,14749.385,14728.763,14692.623,14436.829,14240.516
0.180,13106.185,13525.579,13979.701,14220.047,14471.158,14770.526,14691.972,14652.679,14443.875,14343.625
0.188,13046.499,13597.570,13965.223,14277.973,14425.851,14783.967,14597.556,14580.607,14389.203,14302.296
0.195,13094.749,13522.668,14010.244,14245.277,14314.290,14785.072,14717.127,14374.828,14404.635,14273.808
0.202,13134.726,13502.158,13965.350,14216.643,14309.288,14770.331,14813.285,14413.724,14449.514,14226.733
0.209,13137.508,13508.517,13993.018,14266.572,14338.992,14803.295,14848.085,14396.716,14414.742,14241.882
0.216,13090.515,13462.182,14033.952,14248.204,14448.123,14747.683,14845.819,14413.520,14355.859,14190.309
0.224,13099.099,13447.512,13984.177,14295.312,14525.289,14720.565,14915.843,14509.026,14364.519,14177.849
0.231,13142.717,13413.338,13907.601,14304.439,14532.273,14568.289,14900.104,14584.150,14240.652,14202.984
0.238,13204.780,13437.012,13929.461,14238.290,14572.756,14682.290,14917.022,14638.623,13994.491,14239.892
0.245,13095.559,13506.691,13939.131,14216.932,14617.679,14717.190,14866.638,14591.486,14036.026,14193.552
0.253,13140.203,13453.535,13971.317,14233.533,14572.664,14737.534,14758.476,14564.300,14212.827,14186.507
0.260,13156.284,13548.302,13896.112,14244.724,14529.136,14778.473,14622.855,14588.618,14350.651,13958.773
0.267,13112.736,13564.392,13777.040,14288.423,14475.172,14831.140,14639.600,14552.055,14379.648,13788.855
0.274,13095.995,13517.933,13741.933,14259.774,14519.568,14728.351,14763.650,14592.873,14414.301,13870.864
0.281,13058.629,13457.144,13768.523,14181.432,14486.056,14756.822,14849.645,14576.053,14321.123,14072.130
0.289,13083.564,13471.994,13740.301,14113.721,14466.008,14706.888,14859.674,14573.626,14330.387,14106.434
0.296,13142.296,13455.972,13768.018,14040.625,14421.306,14755.095,14836.532,14592.195,14477.382,14176.020
0.303,13126.530,13448.378,13834.040,13794.017,14405.296,14775.068,14749.076,14564.378,14406.244,14167.128
0.310,13078.431,13403.155,13845.207,13868.016,14376.118,14822.424,14736.736,14553.972,14431.873,14206.742
0.318,13101.196,13399.437,13846.115,14031.830,14433.822,14718.042,14674.445,14638.048,14444.976,14244.221
0.325,13125.716,13478.054,13892.826,14089.173,14438.696,14701.516,14515.768,14532.712,14518.226,14277.391
0.332,13042.105,13483.830,13886.848,14176.432,14428.709,14721.804,14608.149,14541.333,14498.307,14252.504
0.339,13107.172,13465.654,13863.676,14225.942,14277.953,14676.230,14751.239,14627.398,14489.877,14236.891
0.346,13127.029,13504.198,13867.516,14224.825,14321.667,14636.167,14712.393,14656.604,14483.265,14223.555
0.354,13094.961,13479.493,13848.895,14223.901,14371.868,14671.378,14743.119,14454.014,14439.108,14283.012
0.361,13097.950,13490.460,13860.337,14177.655,14412.238,14641.420,14782.792,14260.542,14443.518,14281.437
0.368,13154.624,13420.006,13889.166,14208.057,14427.029,14650.268,14692.276,14382.515,14442.566,14270.028
0.375,13145.062,13305.062,13942.274,14227.310,14501.126,14589.938,14660.814,14407.449,14302.269,14104.882
0.382,13136.869,13281.118,13957.018,14220.612,14575.614,14635.962,14696.985,14411.606,14240.399,14112.522
0.390,13119.515,13382.148,13908.991,14211.003,14594.428,14656.763,14642.994,14519.939,14227.525,14221.244
0.397,13079.339,13452.960,13892.629,14166.635,14543.521,14649.769,14650.975,14503.829,14387.482,14210.093
0.404,13060.148,13464.478,13852.516,14185.209,14502.024,14743.999,14654.773,14504.744,14416.524,14013.287
0.411,13030.019,13401.735,13748.349,14206.427,14502.065,14783.700,14600.337,14537.793,14398.873,14010.832
0.419,13092.540,13402.797,13739.767,14224.792,14546.731,14730.846,14630.851,14540.718,14310.612,14226.165
0.426,13165.506,13452.485,13738.744,14198.148,14579.187,14755.173,14763.665,14413.711,14338.157,14315.337
0.433,13176.144,13563.272,13717.121,14166.895,14541.452,14694.434,14745.255,14366.741,14348.056,14290.476
0.440,13109.262,13598.255,13746.377,14086.955,14484.336,14678.307,14720.440,14346.308,14345.789,14287.716
0.447,13053.330,13534.868,13644.592,13891.187,14476.748,14636.850,14700.534,14391.353,14384.896,14315.592
0.455,13029.357,13420.020,13736.494,13799.116,14435.715,14651.765,14726.535,14368.877,14448.485,14357.220
0.462,12999.366,13424.176,13776.707,13811.912,14451.889,14636.603,14680.715,14314.143,14403.780,14245.769
0.469,13109.412,13430.574,13793.351,13953.077,14433.121,14680.798,14564.556,14366.427,14413.187,14247.643
0.476,13101.789,13424.250,13738.933,14031.960,14440.567,14709.142,14659.341,14395.999,14461.452,14225.210
0.483,13069.274,13468.425,13759.429,14062.409,14297.959,14763.939,14754.341,14388.440,14536.799,14215.831
0.491,13083.778,13490.022,13697.292,14107.166,14201.425,14682.254,14661.480,14376.721,14472.346,14241.682
0.498,13107.410,13357.530,13672.242,14088.004,14227.407,14651.536,14711.484,14199.091,14389.349,14219.441
0.505,13077.517,13330.963,13704.765,14047.079,14318.807,14638.874,14765.925,14305.330,14385.160,14167.420
0.512,13111.419,13380.390,13679.745,14014.167,14354.052,14590.302,14720.986,14377.130,14377.517,14206.661
0.520,13159.135,13372.914,13752.744,14015.737,14398.432,14459.221,14654.943,14401.881,14226.338,14205.321
0.527,13157.450,13385.733,13811.398,14074.206,14386.496,14588.512,14578.301,14395.027,14094.277,14175.202
0.534,13068.666,13407.183,13777.770,14067.276,14414.056,14665.827,14573.835,14428.954,14118.454,14065.531
0.541,12935.609,13452.045,13751.773,14095.122,14415.788,14640.626,14601.353,14373.917,14285.304,14028.619
0.548,12943.653,13466.267,13816.707,14101.724,14396.945,14626.846,14477.353,14410.660,14215.777,13930.787
0.556,13031.821,13451.175,13774.730,14065.670,14455.404,14738.738,14454.338,14376.055,14189.535,13952.448
0.563,13056.141,13479.349,13707.795,14026.641,14557.853,14677.070,14564.788,14328.173,14231.613,14004.628
0.570,13013.960,13403.607,13771.340,14053.592,14538.603,14589.131,14578.099,14298.453,14289.971,14059.122
0.577,12995.291,13359.720,13797.288,14068.932,14524.586,14631.533,14656.934,14266.422,14297.708,14069.554
0.584,13040.882,13388.115,13833.964,14060.915,14441.526,14592.141,14637.077,14292.987,14436.707,14019.022
0.592,13039.676,13346.729,13795.855,13939.227,14354.680,14603.250,14605.336,14467.263,14428.505,14035.940
0.599,13081.082,13285.139,13755.596,13930.250,14329.738,14657.396,14601.404,14495.541,14383.386,14100.094
0.606,13098.743,13315.762,13682.096,13981.149,14280.428,14737.771,14611.862,14523.384,14444.744,14149.843
0.613,13056.042,13311.733,13646.279,13935.496,14200.225,14723.841,14625.012,14431.360,14432.744,14189.654
0.621,13032.351,13340.591,13682.386,13934.619,14178.748,14620.743,14657.520,14475.526,14320.736,14109.157
0.628,13073.866,13387.709,13758.828,13955.095,13979.524,14647.783,14693.714,14384.530,14231.392,14064.039
0.635,13088.949,13375.762,13747.330,13963.684,14152.771,14626.943,14629.812,14333.147,14209.015,14099.585
0.642,13033.602,13348.148,13735.930,13975.830,14287.308,14624.138,14604.509,14238.449,14259.320,14186.450
0.649,13069.142,13390.562,13746.205,13952.600,14277.005,14588.104,14613.195,14279.074,14248.380,14189.008
0.657,13036.207,13388.235,13878.775,13994.504,14329.869,14330.718,14653.211,14251.895,14251.971,14163.213
0.664,12982.342,13409.806,13825.727,13965.738,14352.706,14141.607,14636.592,14269.657,14213.573,14085.560
0.671,12965.017,13341.976,13743.854,13888.221,14315.932,14440.451,14559.098,14314.522,14048.084,14092.363
0.678,12924.662,13301.871,13738.527,13856.772,14371.948,14502.576,14551.373,14375.213,14094.546,14090.793
0.686,12931.386,13282.068,13741.182,13866.295,14372.201,14485.316,14571.325,14258.614,14341.585,14016.032
0.693,13034.684,13290.914,13715.860,13876.474,14342.581,14557.603,14463.313,14229.679,14310.065,13850.874
0.700,13049.360,13346.025,13641.159,13893.954,14260.999,14533.674,14439.215,14189.660,14248.980,13948.481
0.707,13007.629,13335.167,13581.209,13877.833,14253.480,14517.082,14487.263,14278.058,14231.111,14031.465
0.714,13037.557,13299.584,13610.451,13925.617,14302.427,14580.332,14555.170,14300.650,14295.102,14090.916
0.722,13069.855,13325.796,13588.712,13908.792,14275.700,14567.658,14590.946,14204.280,14273.651,14127.002
0.729,13068.707,13246.692,13581.440,13896.686,14293.391,14626.349,14494.845,14186.002,14268.690,14107.580
0.736,13032.817,13183.055,13575.461,13822.906,14334.734,14536.004,14489.147,14227.880,14241.601,14099.602
0.743,13030.739,13105.807,13590.878,13833.576,14274.815,14466.392,14565.750,14249.968,14203.907,14061.532
0.750,13066.522,13100.090,13571.270,13934.326,14260.184,14460.726,14581.608,14192.653,14109.094,13997.602
0.758,13041.245,13233.450,13566.647,13928.566,14198.434,14548.689,14565.221,14205.647,14179.040,14020.190
0.765,13107.361,13285.154,13552.064,13912.002,14134.380,14519.259,14570.085,14272.351,14142.641,14033.985
0.772,13045.811,13311.565,13474.335,13919.905,13928.785,14499.338,14521.082,14297.296,14163.726,14082.135
0.779,13026.957,13442.892,13484.895,13926.397,14003.138,14434.365,14482.761,14289.563,14136.241,14130.933
0.787,13042.456,13437.561,13551.386,13913.911,14142.249,14365.822,14461.670,14179.550,14142.230,14103.853
0.794,13083.883,13417.061,13550.612,13852.922,14245.250,14355.384,14438.396,14195.184,14136.501,14067.856
0.801,13128.420,13395.742,13612.408,13820.529,14166.827,14276.083,14424.262,14147.241,14161.605,14008.459
0.808,13077.357,13373.268,13592.523,13897.054,14134.328,14231.847,14519.938,14087.385,14100.032,13971.647
0.815,12992.338,13318.107,13538.496,13935.879,14103.328,14432.752,14572.415,14152.485,14012.964,14017.568
0.823,12979.723,13234.720,13514.129,13839.261,14127.125,14404.106,14526.291,14094.136,13982.093,13958.386
0.830,12987.808,13228.539,13573.322,13871.416,14073.896,14428.378,14368.082,14143.627,14063.993,13964.808
0.837,13009.743,13272.729,13577.914,13884.830,14187.051,14391.139,14225.302,14222.560,14083.695,13795.010
0.844,12855.255,13322.643,13489.083,13808.042,14228.571,14422.180,14420.057,14173.577,14061.438,13785.564
0.851,12771.266,13326.494,13432.200,13866.791,14167.285,14409.378,14559.607,14104.265,14025.655,13851.516
0.859,12933.041,13312.049,13491.342,13892.494,14102.772,14344.941,14481.509,14032.765,14026.837,13888.771
0.866,12920.547,13267.107,13435.758,13815.718,14090.670,14315.792,14401.861,13956.543,14061.504,13864.890
0.873,12915.899,13241.773,13515.581,13749.012,14063.794,14343.083,14321.067,14146.680,14006.492,13885.547
0.880,12954.545,13189.430,13535.324,13636.588,14073.057,14357.095,14377.233,14216.384,13938.314,13896.379
0.888,12932.590,13018.235,13601.672,13615.308,14056.568,14412.637,14433.474,14150.288,13880.484,13853.177
0.895,12895.740,13013.378,13564.263,13674.201,14109.088,14442.286,14445.484,14084.120,13863.433,13828.627
0.902,12881.404,13171.001,13610.413,13717.787,14099.702,14451.962,14375.788,14042.428,13964.016,13842.042
0.909,12888.450,13163.300,13559.930,13723.396,13947.095,14359.049,14375.706,14054.204,13971.314,13790.308
0.916,12873.844,13111.948,13530.979,13681.648,13737.759,14322.162,14294.170,14018.167,13972.772,13849.119
0.924,12858.184,13135.413,13480.113,13723.349,13889.083,14308.463,14232.329,13985.840,13944.605,13877.345
0.931,12872.118,13190.602,13519.388,13670.625,13945.765,14260.942,14197.468,13955.818,13901.355,13762.143
0.938,12874.694,13176.101,13530.730,13620.242,13989.286,14090.688,14200.134,13950.035,13890.878,13768.186
0.945,12805.073,13125.015,13542.868,13618.654,13978.238,13901.777,14166.408,13930.283,13859.998,13681.389
0.953,12764.655,13063.950,13461.608,13643.389,13961.860,13854.035,14150.981,13872.543,13733.164,13547.286
0.960,12762.456,12959.124,13420.557,13513.442,13893.203,14059.281,14130.288,13819.766,13597.432,13586.466
0.967,12741.168,13004.846,13369.841,13568.502,13788.416,14034.707,13996.875,13809.659,13573.171,13607.000
0.974,12591.252,12914.998,13324.060,13494.770,13673.287,13962.301,13767.146,13698.893,13588.831,13586.958
0.981,12323.967,12703.376,13086.402,13217.810,13468.932,13691.220,13475.308,13538.180,13354.992,13319.600
0.989,11715.666,12141.692,12413.826,12593.427,12739.564,13120.437,12934.830,13080.757,12463.348,12557.631
0.996,10352.748,10590.124,10688.186,11043.219,10824.203,11556.105,11004.793,11622.502,10295.488,10748.652
1.003,7764.968,7686.825,7696.751,7967.638,7565.209,8613.115,7612.298,8543.312,7003.113,7706.695
1.010,4819.973,4692.699,4670.598,4792.263,4515.148,5354.553,4494.095,5124.506,4071.688,4617.336
1.017,2936.359,2857.893,2878.660,2932.703,2833.351,3287.936,2824.430,3052.847,2580.402,2849.269
1.025,2161.113,2127.318,2160.474,2194.917,2178.851,2369.381,2185.112,2245.945,2034.749,2127.291
1.032,1853.125,1858.435,1884.294,1907.870,1889.721,2016.208,1923.712,1935.491,1842.060,1846.252
1.039,1739.978,1740.628,1786.905,1796.334,1795.850,1875.591,1811.192,1824.080,1747.852,1725.577
1.046,1657.093,1657.415,1731.818,1721.706,1738.123,1800.808,1759.354,1756.445,1691.965,1650.071
1.054,1614.733,1616.335,1678.237,1656.601,1710.807,1720.292,1726.585,1700.938,1643.884,1616.505
1.061,1594.975,1584.280,1638.047,1642.621,1684.761,1683.560,1689.359,1657.238,1610.689,1597.175
1.068,1560.839,1571.160,1591.863,1628.669,1663.255,1652.193,1657.079,1639.284,1586.611,1566.073
1.075,1543.019,1564.429,1580.276,1615.173,1648.328,1629.886,1644.835,1618.318,1582.249,1565.145
1.082,1516.127,1563.803,1567.465,1586.644,1649.344,1598.077,1641.198,1608.124,1558.736,1568.005
1.090,1496.928,1547.486,1553.459,1564.968,1630.458,1568.256,1608.586,1570.429,1551.073,1534.189
1.097,1485.825,1524.887,1531.992,1561.574,1607.925,1539.827,1585.921,1552.813,1532.303,1509.278
1.104,1484.317,1493.039,1523.419,1542.351,1587.562,1573.241,1578.236,1544.313,1519.309,1486.764
1.111,1475.966,1494.397,1516.168,1544.142,1569.805,1560.290,1570.164,1548.264,1498.591,1458.716
1.118,1464.804,1475.464,1528.490,1538.404,1551.196,1564.704,1499.984,1521.036,1500.419,1446.350
1.126,1443.261,1480.164,1515.160,1516.675,1534.020,1537.276,1477.496,1505.899,1489.045,1435.367
1.133,1395.603,1478.075,1506.387,1509.616,1527.129,1560.223,1512.449,1484.265,1492.867,1422.846
1.140,1369.234,1449.879,1481.691,1491.870,1482.071,1528.193,1521.431,1468.991,1476.467,1419.320
1.147,1401.518,1435.365,1478.205,1474.440,1475.273,1534.760,1502.577,1442.329,1468.095,1400.835
1.155,1416.816,1427.219,1466.824,1484.485,1487.039,1514.471,1498.648,1445.463,1441.236,1391.669
1.162,1409.358,1424.200,1461.558,1477.354,1484.927,1511.273,1502.062,1453.775,1423.133,1400.602
1.169,1394.425,1412.849,1456.182,1457.738,1476.839,1508.755,1486.896,1474.085,1412.382,1411.089
1.176,1365.141,1382.551,1469.284,1441.339,1458.384,1535.705,1475.033,1470.894,1416.751,1397.412
1.183,1364.284,1368.035,1461.528,1425.256,1457.748,1518.933,1460.039,1459.136,1394.488,1386.475
1.191,1389.301,1374.512,1446.690,1421.737,1464.119,1497.584,1460.839,1434.717,1384.676,1375.043
1.198,1379.104,1375.647,1428.924,1421.420,1456.891,1477.591,1485.219,1452.465,1386.106,1374.471
1.205,1355.385,1372.707,1425.287,1420.735,1451.376,1469.549,1492.071,1446.304,1396.681,1351.556
1.212,1357.210,1384.809,1388.227,1442.361,1438.716,1442.613,1475.402,1430.289,1394.390,1361.449
1.220,1346.978,1375.177,1405.456,1428.218,1437.077,1442.355,1443.302,1422.240,1399.654,1364.305
1.227,1352.929,1354.716,1389.613,1411.380,1438.188,1440.864,1443.679,1409.337,1395.029,1363.440
1.234,1359.761,1344.647,1369.921,1401.608,1422.657,1395.828,1418.607,1389.181,1392.745,1366.233
1.241,1352.922,1366.333,1358.391,1390.416,1434.012,1403.152,1419.089,1387.194,1372.825,1351.159
1.248,1330.472,1352.241,1352.502,1370.964,1442.135,1429.192,1404.521,1381.052,1371.544,1341.798
1.256,1321.345,1344.857,1363.179,1390.332,1436.593,1447.720,1397.747,1377.644,1378.808,1345.895
1.263,1322.342,1333.240,1367.188,1398.246,1426.563,1425.303,1390.570,1386.695,1399.201,1328.032
1.270,1300.291,1317.641,1362.901,1402.998,1407.651,1394.718,1412.214,1391.891,1385.901,1295.807
1.277,1273.226,1326.909,1364.161,1403.194,1380.930,1402.526,1421.828,1360.509,1371.719,1288.665
1.284,1279.240,1327.803,1363.263,1386.477,1375.459,1403.078,1408.082,1351.862,1339.337,1294.643
1.292,1286.500,1297.530,1361.602,1367.919,1372.063,1405.248,1397.989,1345.660,1349.738,1305.994
1.299,1295.336,1287.600,1354.140,1359.120,1390.503,1408.544,1399.932,1365.965,1332.281,1310.696
1.306,1268.615,1289.488,1354.672,1332.021,1396.292,1396.519,1371.236,1346.874,1314.335,1298.601
1.313,1285.382,1282.713,1331.249,1348.095,1393.859,1403.276,1381.902,1369.255,1323.360,1295.775
1.321,1272.472,1282.521,1317.866,1331.985,1366.909,1408.135,1378.900,1360.751,1316.413,1289.067
1.328,1283.640,1298.457,1314.504,1328.281,1352.239,1382.251,1350.269,1362.913,1295.697,1275.820
1.335,1275.424,1293.557,1323.501,1338.371,1340.192,1384.038,1350.902,1342.899,1298.398,1277.289
1.342,1275.848,1275.761,1330.577,1330.443,1336.125,1379.968,1347.202,1328.754,1299.480,1279.689
1.349,1256.718,1285.245,1330.506,1328.393,1344.923,1359.320,1355.440,1328.664,1298.816,1292.284
1.357,1271.161,1301.569,1298.048,1325.183,1379.208,1345.849,1352.215,1339.874,1300.881,1307.929
1.364,1262.994,1295.849,1290.462,1323.102,1385.162,1337.955,1350.247,1338.875,1298.731,1290.372
1.371,1265.089,1290.535,1310.142,1321.622,1362.893,1337.626,1356.681,1342.016,1272.561,1278.413
1.378,1256.090,1262.926,1314.746,1308.837,1333.966,1332.932,1346.892,1321.574,1293.149,1275.111
1.385,1243.914,1258.879,1298.971,1303.806,1346.515,1335.071,1367.371,1322.748,1306.219,1278.051
1.393,1247.833,1253.926,1300.444,1306.296,1339.858,1354.418,1377.311,1321.626,1302.992,1256.237
1.400,1244.467,1253.213,1285.750,1303.157,1338.028,1357.352,1350.681,1313.582,1262.021,1256.673
1.407,1276.313,1264.629,1301.931,1278.642,1338.267,1363.106,1328.033,1313.765,1292.136,1264.904
1.414,1286.884,1271.678,1317.001,1271.535,1309.917,1344.842,1308.783,1284.585,1277.616,1255.128
1.422,1233.539,1278.118,1305.094,1292.008,1301.952,1342.048,1313.420,1271.330,1284.487,1233.050
1.429,1237.124,1275.334,1276.609,1297.433,1304.659,1315.837,1325.814,1284.211,1268.828,1222.973
1.436,1248.417,1257.332,1276.123,1290.002,1317.331,1322.412,1336.111,1283.178,1265.164,1212.308
1.443,1264.353,1257.953,1269.888,1295.059,1309.999,1321.698,1334.564,1289.172,1262.625,1212.888
1.450,1240.104,1263.856,1287.295,1277.002,1310.299,1338.884,1328.502,1275.128,1281.582,1210.754
1.458,1250.891,1259.528,1275.181,1275.887,1312.814,1334.035,1326.957,1288.594,1280.648,1197.817
1.465,1241.022,1230.919,1264.726,1287.051,1295.134,1324.038,1324.739,1288.144,1248.327,1189.000
1.472,1234.574,1203.459,1243.177,1275.477,1282.312,1306.515,1315.416,1291.784,1242.011,1210.950
1.479,1217.885,1193.173,1269.615,1260.013,1292.868,1330.676,1317.266,1304.517,1248.028,1216.392
1.486,1234.170,1206.973,1250.440,1274.995,1299.513,1298.834,1325.543,1294.640,1237.886,1198.371
1.494,1236.375,1233.051,1259.992,1269.373,1281.086,1316.234,1313.921,1292.213,1242.564,1199.827
1.501,1237.906,1276.287,1242.441,1282.726,1267.329,1308.348,1318.959,1287.121,1242.085,1230.638
1.508,1230.784,1262.072,1248.066,1287.733,1270.118,1303.115,1301.277,1284.221,1210.710,1224.024
1.515,1244.848,1242.576,1254.622,1276.883,1288.581,1299.937,1289.617,1280.544,1225.161,1234.112
1.523,1219.597,1236.018,1265.897,1248.830,1277.315,1286.217,1272.141,1284.549,1237.046,1219.962
1.530,1216.239,1241.294,1234.376,1239.961,1275.597,1287.379,1275.209,1286.160,1248.564,1220.909
1.537,1204.757,1221.892,1233.963,1232.913,1281.763,1275.969,1276.621,1271.177,1234.992,1225.709
1.544,1202.257,1212.430,1235.340,1238.336,1263.083,1262.700,1285.576,1273.312,1220.668,1242.983
1.551,1198.332,1225.109,1239.374,1232.358,1267.157,1259.556,1272.593,1255.952,1239.600,1239.515
1.559,1212.132,1217.621,1253.158,1240.728,1262.473,1260.752,1261.665,1251.646,1234.204,1216.927
1.566,1191.119,1204.070,1241.734,1227.879,1243.502,1274.354,1257.431,1252.553,1251.697,1205.937
1.573,1204.198,1204.974,1242.648,1224.953,1251.407,1287.398,1271.110,1254.515,1254.708,1200.730
1.580,1212.714,1214.468,1248.050,1213.081,1246.343,1291.371,1270.051,1229.239,1242.271,1193.420
1.588,1202.361,1205.320,1271.648,1240.292,1247.165,1265.765,1308.854,1221.539,1237.080,1192.833
1.595,1187.055,1204.569,1294.550,1232.096,1257.360,1246.557,1286.862,1241.469,1231.431,1175.523
1.602,1201.885,1210.947,1236.915,1230.076,1254.061,1254.469,1264.090,1242.870,1216.546,1151.793
1.609,1204.162,1215.638,1212.666,1236.397,1246.985,1266.520,1271.355,1226.836,1215.744,1165.713
1.616,1194.835,1217.193,1209.016,1240.542,1236.350,1255.156,1265.278,1225.756,1212.585,1176.321
1.624,1161.118,1225.656,1216.551,1207.163,1230.513,1271.318,1257.211,1237.348,1217.839,1177.667
1.631,1172.208,1231.778,1196.999,1228.524,1253.045,1247.302,1251.352,1257.771,1201.434,1155.647
1.638,1192.138,1219.476,1210.630,1230.717,1253.371,1232.422,1241.933,1265.022,1202.449,1150.754
1.645,1199.985,1214.537,1201.811,1234.624,1245.590,1244.658,1239.414,1266.762,1211.122,1174.965
1.652,1172.832,1204.538,1213.744,1233.384,1223.236,1243.842,1241.709,1236.706,1210.553,1169.782
1.660,1182.485,1202.028,1197.104,1215.939,1214.260,1229.054,1249.055,1243.837,1201.462,1181.231
1.667,1172.572,1208.074,1203.634,1204.096,1217.617,1248.298,1251.064,1234.048,1219.270,1179.107
1.674,1182.982,1204.105,1200.804,1202.785,1224.856,1247.117,1243.767,1232.399,1216.280,1164.350
1.681,1167.422,1180.629,1212.839,1214.447,1230.585,1246.102,1219.241,1229.220,1211.852,1181.884
1.689,1178.105,1184.736,1202.283,1223.344,1229.157,1261.253,1213.191,1215.904,1194.170,1188.404
1.696,1166.230,1204.500,1195.878,1184.029,1222.387,1257.904,1213.848,1223.166,1193.355,1177.835
1.703,1171.543,1201.559,1198.776,1206.838,1222.985,1237.934,1220.989,1233.326,1187.804,1179.055
1.710,1157.177,1181.616,1206.512,1215.652,1193.628,1234.074,1214.539,1232.409,1209.526,1172.160
1.717,1165.180,1159.599,1225.828,1227.777,1187.654,1229.367,1229.841,1219.782,1199.521,1171.521
1.725,1158.999,1174.169,1224.634,1198.398,1227.777,1246.227,1217.678,1194.077,1207.356,1157.350
1.732,1166.068,1199.079,1208.144,1207.741,1224.097,1225.363,1221.200,1206.150,1200.171,1152.622
1.739,1168.124,1185.987,1221.807,1211.182,1226.374,1225.337,1241.363,1211.298,1193.800,1150.719
1.746,1181.710,1159.882,1209.366,1213.112,1216.854,1209.233,1226.549,1211.586,1164.115,1165.894
1.753,1187.995,1150.555,1207.586,1207.586,1204.960,1212.044,1201.054,1205.052,1173.629,1172.144
1.761,1196.613,1159.379,1202.028,1221.933,1188.902,1199.790,1213.434,1202.621,1176.652,1181.542
1.768,1198.282,1175.687,1196.086,1207.376,1205.666,1227.782,1193.040,1185.878,1197.026,1157.018
1.775,1174.484,1179.555,1178.384,1196.735,1245.496,1221.310,1199.309,1172.645,1194.161,1146.417
1.782,1158.859,1177.881,1182.835,1204.673,1234.129,1219.063,1210.266,1187.826,1178.750,1147.082
1.790,1165.753,1171.285,1171.480,1221.224,1202.628,1216.195,1210.730,1197.546,1191.350,1163.444
1.797,1152.004,1168.103,1166.845,1217.233,1198.256,1220.913,1201.311,1192.854,1187.681,1151.169
1.804,1159.252,1172.366,1155.136,1213.458,1193.634,1200.256,1195.325,1177.028,1185.394,1156.613
1.811,1139.906,1181.864,1165.217,1205.855,1185.387,1207.318,1196.012,1172.892,1180.375,1157.660
1.818,1141.759,1174.560,1192.621,1187.302,1177.944,1214.917,1208.649,1175.329,1173.370,1171.083
1.826,1155.635,1189.261,1200.810,1160.620,1196.964,1213.585,1194.300,1187.638,1167.861,1164.116
1.833,1161.145,1179.874,1181.675,1190.813,1206.945,1216.129,1186.803,1191.202,1163.565,1154.652
1.840,1161.783,1179.729,1203.405,1184.085,1200.611,1205.380,1158.640,1174.464,1163.449,1144.362
1.847,1165.304,1188.925,1212.479,1192.045,1198.762,1204.867,1183.504,1175.272,1165.833,1155.753
1.855,1150.913,1189.949,1219.338,1186.701,1200.034,1201.437,1174.946,1169.708,1176.240,1138.426
1.862,1157.095,1165.324,1206.149,1192.330,1198.900,1222.185,1185.764,1158.355,1151.545,1148.966
1.869,1138.447,1141.112,1198.278,1185.762,1202.190,1250.100,1183.581,1155.671,1148.030,1131.873
1.876,1139.724,1143.181,1186.095,1190.373,1210.642,1213.045,1182.270,1171.334,1162.594,1128.754
1.883,1154.949,1153.434,1181.842,1181.986,1221.898,1205.700,1176.893,1166.143,1175.728,1137.133
1.891,1171.378,1146.501,1165.403,1178.720,1209.993,1201.375,1166.027,1147.704,1154.631,1136.916
1.898,1164.105,1146.551,1172.251,1163.892,1206.532,1220.461,1155.669,1139.958,1147.118,1135.420
1.905,1132.969,1144.153,1177.859,1178.418,1210.876,1198.551,1188.499,1152.791,1146.301,1133.260
1.912,1122.080,1172.102,1172.927,1195.757,1212.027,1207.021,1190.892,1158.801,1146.605,1123.653
1.919,1151.811,1162.911,1160.756,1213.303,1221.547,1197.518,1188.648,1151.270,1153.033,1100.828
1.927,1130.181,1137.869,1156.523,1185.457,1216.095,1197.580,1179.230,1153.164,1141.173,1110.775
1.934,1106.883,1137.755,1161.545,1198.916,1199.142,1189.371,1163.698,1146.524,1126.171,1127.776
1.941,1131.000,1140.143,1184.754,1189.076,1192.701,1193.878,1170.786,1144.896,1133.970,1133.861
1.948,1171.321,1157.304,1197.073,1182.366,1177.358,1187.446,1163.674,1165.035,1129.674,1134.502
1.956,1154.323,1171.054,1175.302,1157.244,1163.125,1192.627,1200.702,1177.914,1152.718,1117.447
1.963,1151.505,1150.748,1148.943,1150.295,1164.333,1196.480,1213.002,1167.545,1159.442,1108.495
1.970,1139.480,1141.503,1144.369,1140.958,1173.925,1210.259,1152.975,1154.207,1159.643,1115.792
1.977,1158.369,1156.939,1143.748,1158.674,1178.345,1195.755,1151.098,1151.739,1146.872,1128.596
1.984,1131.855,1170.867,1163.300,1172.394,1175.206,1191.117,1150.507,1144.036,1145.618,1116.830
1.992,1126.796,1157.854,1159.519,1189.302,1146.298,1197.407,1165.402,1141.759,1149.060,1118.246
1.999,1129.655,1139.640,1162.278,1167.229,1162.644,1200.752,1160.047,1157.669,1159.836,1109.117
